number	sdFailedDefenseCrossesTele	RScoreDrivingAbility	RScoreDefense	sdGroundIntakes	disabledPercentage	avgHighShotsAttemptedTele	sdSiegeAbility	avgHighShotsTele	avgGroundIntakes	numAutoPoints	avgShotsBlocked	incapacitatedPercentage	twoBallAutoAccuracy	siegeAbility	predictedSeed	avgLowShotsAuto	RScoreTorque	sdBallsKnockedOffMidlineAuto	sdHighShotsAuto	twoBallAutoAttemptedPercentage	highShotAccuracyTele	predictedSuccessfulCrossingsForDefenseTele	highShotAccuracyAuto	actualNumRPs	avgNumTimesUnaffected	sdSuccessfulDefenseCrossesTele	sdShotsBlocked	avgLowShotsAttemptedTele	sdSuccessfulDefenseCrossesAuto	breachPercentage	challengePercentage	lowShotAccuracyTele	sdLowShotsAuto	sdTeleopShotAbility	avgTorque	unaffectedPercentage	reachPercentage	avgSuccessfulTimesCrossedDefensesTele	RScoreSpeed	crossingsSuccessRateForDefenseTele	slowedPercentage	avgDefense	avgAgility	avgSuccessfulTimesCrossedDefensesAuto	avgSpeed	avgTimeForDefenseCrossTele	sdAutoAbility	avgBallsKnockedOffMidlineAuto	RScoreBallControl	avgMidlineBallsIntakedAuto	avgHighShotsAuto	avgFailedTimesCrossedDefensesTele	avgFailedTimesCrossedDefensesAuto	sdHighShotsTele	beachedPercentage	predictedNumRPs	actualSeed	RScoreAgility	avgBallControl	avgLowShotsTele	siegeConsistency	sdLowShotsTele	sdMidlineBallsIntakedAuto	overallSecondPickAbility	firstPickAbility	blockingAbility	crossingsSuccessRateForDefenseAuto	avgNumTimesSlowed	disfunctionalPercentage	autoAbility	sdFailedDefenseCrossesAuto	teleopShotAbility	avgNumTimesBeached	avgTimeForDefenseCrossAuto	scalePercentage	avgDrivingAbility	lowShotAccuracyAuto	
1323	{'rt': None, 'pc': None, 'cdf': None, 'rw': None, 'rp': None, 'mt': None, 'lb': None, 'sp': None, 'db': None}	None	None	None	None	None	None	None	None	None	None	None	None	None	None	None	None	None	None	None	None	{'rt': None, 'pc': None, 'cdf': None, 'rw': None, 'rp': None, 'mt': None, 'lb': None, 'sp': None, 'db': None}	None	None	{'pc': None, 'cdf': None}	{'rt': None, 'pc': None, 'cdf': None, 'rw': None, 'rp': None, 'mt': None, 'lb': None, 'sp': None, 'db': None}	None	None	{'rt': None, 'pc': None, 'cdf': None, 'rw': None, 'rp': None, 'mt': None, 'lb': None, 'sp': None, 'db': None}	None	None	None	None	None	None	{'pc': None, 'cdf': None}	None	{'rt': None, 'pc': None, 'cdf': None, 'rw': None, 'rp': None, 'mt': None, 'lb': None, 'sp': None, 'db': None}	None	{'rt': None, 'pc': None, 'cdf': None, 'rw': None, 'rp': None, 'mt': None, 'lb': None, 'sp': None, 'db': None}	{'pc': None, 'cdf': None}	None	None	{'rt': None, 'pc': None, 'cdf': None, 'rw': None, 'rp': None, 'mt': None, 'lb': None, 'sp': None, 'db': None}	None	{'rt': None, 'pc': None, 'cdf': None, 'rw': None, 'rp': None, 'mt': None, 'lb': None, 'sp': None, 'db': None}	None	None	None	None	None	{'rt': None, 'pc': None, 'cdf': None, 'rw': None, 'rp': None, 'mt': None, 'lb': None, 'sp': None, 'db': None}	{'rt': None, 'pc': None, 'cdf': None, 'rw': None, 'rp': None, 'mt': None, 'lb': None, 'sp': None, 'db': None}	None	{'pc': None, 'cdf': None}	None	None	None	None	None	None	None	None	None	None	None	{'rt': None, 'pc': None, 'cdf': None, 'rw': None, 'rp': None, 'mt': None, 'lb': None, 'sp': None, 'db': None}	{'pc': None, 'cdf': None}	None	None	{'rt': None, 'pc': None, 'cdf': None, 'rw': None, 'rp': None, 'mt': None, 'lb': None, 'sp': None, 'db': None}	None	{'pc': None, 'cdf': None}	{'rt': None, 'pc': None, 'cdf': None, 'rw': None, 'rp': None, 'mt': None, 'lb': None, 'sp': None, 'db': None}	None	None	None	
3925	-0.84109064939	0.0	0.0	0	0.0	{'pc': None, 'cdf': None}	2	0.0	0.0	{'pc': None, 'cdf': None}	{'rp': 0.0, 'cdf': 0.0, 'rw': 0.0, 'lb': 0.0, 'sp': 0.0}	1.0	0.0	{'rp': 0.0, 'cdf': 0.0, 'rw': 0.0, 'lb': 0.0, 'sp': 0.0}	0.0	8.59051574479	{'rt': 0, 'cdf': 0.0, 'rw': 0.0, 'lb': 0.0, 'mt': 0, 'sp': 0.0, 'db': 0, 'pc': 0, 'rp': 0.0}	0.0	0.0	0.0	{'rp': 0.0, 'cdf': 0.0, 'rw': 0.0, 'lb': 0.0, 'sp': 0.0}	0.0	0.0	1	0.0	0.0	1	0.0	None	{'rp': 0.0, 'cdf': 0.0, 'rw': 0.0, 'lb': 0.0, 'sp': 0.0}	0.0	{'cdf': 0.0}	0.0	-1.22474487139	0.0	{'rt': None, 'pc': None, 'cdf': None, 'rw': None, 'rp': None, 'mt': None, 'lb': None, 'sp': None, 'db': None}	{'pc': None, 'cdf': None}	1.0	0.0	0.0	{'rt': None, 'pc': None, 'cdf': None, 'rw': None, 'rp': None, 'mt': None, 'lb': None, 'sp': None, 'db': None}	1.4	1.22474487139	0.0	3.0	0.0	0.0	0.0	0.0	-1.22474487139	0.0	0.0	{'rp': 0.0, 'cdf': 0.0, 'rw': 0.0, 'lb': 0.0, 'sp': 0.0}	0.0	0.0	{'cdf': 0.0}	1.0	{'rt': None, 'pc': None, 'cdf': None, 'rw': None, 'rp': None, 'mt': None, 'lb': None, 'sp': None, 'db': None}	2.83333333333	0.0	0.0	0	{'rp': 0.0, 'cdf': 0.0, 'rw': 0.0, 'lb': 0.0, 'sp': 0.0}	{'cdf': 0.0}	0.0	0.0	None	-1.22474487139	0.0	0.0	0.0	1.0	0.0	1.4	{'rp': 0.0, 'cdf': 0.0, 'rw': 0.0, 'lb': 0.0, 'sp': 0.0}	0.0	{'rp': 0.0, 'cdf': 0.0, 'rw': 0.0, 'lb': 0.0, 'sp': 0.0}	{'rp': 0.0, 'cdf': 0.0, 'rw': 0.0, 'lb': 0.0, 'sp': 0.0}	{'rt': None, 'pc': None, 'cdf': None, 'rw': None, 'rp': None, 'mt': None, 'lb': None, 'sp': None, 'db': None}	0.0	
3495	-0.31677440042	0.0	0.0	1	0.0	{'pc': None, 'cdf': None}	2	0.0	0.0	{'pc': None, 'cdf': None}	{'rp': 0.0, 'cdf': 0.0, 'rw': 0.0, 'lb': 0.0, 'sp': 0.0}	2.0	0.0	{'rp': 0.0, 'cdf': 0.0, 'rw': 0.0, 'lb': 0.0, 'sp': 0.0}	0.0	17.3249605706	{'rt': 0, 'cdf': 0.0, 'rw': 0.0, 'lb': 0.0, 'mt': 0, 'sp': 0.0, 'db': 0, 'pc': 0, 'rp': 0.0}	0.0	15.0	0.0	{'rp': 0.0, 'cdf': 0.0, 'rw': 0.0, 'lb': 0.0, 'sp': 0.0}	0.0	4.0	2	0.0	0.0	1	0.0	None	{'rp': 0.0, 'cdf': 0.0, 'rw': 0.0, 'lb': 0.0, 'sp': 0.0}	0.0	{'cdf': 0.0}	0.0	0.0	0.0	{'rt': None, 'pc': None, 'cdf': None, 'rw': None, 'rp': None, 'mt': None, 'lb': None, 'sp': None, 'db': None}	{'pc': None, 'cdf': None}	2.0	0.0	0.0	{'rt': None, 'pc': None, 'cdf': None, 'rw': None, 'rp': None, 'mt': None, 'lb': None, 'sp': None, 'db': None}	1.8	-1.22474487139	0.0	1.0	3.0	2.0	0.0	0.0	0.0	0.75	0.0	{'rp': 0.0, 'cdf': 0.0, 'rw': 0.0, 'lb': 0.0, 'sp': 0.0}	0.0	0.0	{'cdf': 0.0}	2.0	{'rt': None, 'pc': None, 'cdf': None, 'rw': None, 'rp': None, 'mt': None, 'lb': None, 'sp': None, 'db': None}	17.8333333333	0.0	0.0	0	{'rp': 0.0, 'cdf': 0.0, 'rw': 0.0, 'lb': 0.0, 'sp': 0.0}	{'cdf': 0.0}	0.0	0.0	0.0	0.0	0.0	0.0	0.0	2.0	0.0	1.8	{'rp': 0.0, 'cdf': 0.0, 'rw': 0.0, 'lb': 0.0, 'sp': 0.0}	0.0	{'rp': 0.0, 'cdf': 0.0, 'rw': 0.0, 'lb': 0.0, 'sp': 0.0}	{'rp': 0.0, 'cdf': 0.0, 'rw': 0.0, 'lb': 0.0, 'sp': 0.0}	{'rt': None, 'pc': None, 'cdf': None, 'rw': None, 'rp': None, 'mt': None, 'lb': None, 'sp': None, 'db': None}	0.0	
701	1.32171387761	0.0	0.0	0	0.0	{'cdf': 0.0}	2	0.0	0.0	{'cdf': 0.0}	{'rp': 0.0, 'cdf': 0.0, 'rw': 0.0, 'lb': 0.0, 'sp': 0.0}	3.0	0.0	{'rp': 0.0, 'cdf': 0.0, 'rw': 0.0, 'lb': 0.0, 'sp': 0.0}	0.0	7.64879936181	{'rt': 0, 'cdf': 0.0, 'rw': 0.0, 'lb': 0.0, 'mt': 0, 'sp': 0.0, 'db': 0, 'pc': 0, 'rp': 0.0}	0.0	0.0	0.0	{'rp': 0.0, 'cdf': 0.0, 'rw': 0.0, 'lb': 0.0, 'sp': 0.0}	0.0	0.0	3	0.0	0.0	3	0.0	None	{'rp': 0.0, 'cdf': 0.0, 'rw': 0.0, 'lb': 0.0, 'sp': 0.0}	0.0	{'cdf': 0.0}	0.0	1.22474487139	0.0	{'rt': None, 'pc': None, 'cdf': None, 'rw': None, 'rp': None, 'mt': None, 'lb': None, 'sp': None, 'db': None}	{'cdf': 1.0}	4.0	0.0	0.0	{'rt': None, 'pc': None, 'cdf': None, 'rw': None, 'rp': None, 'mt': None, 'lb': None, 'sp': None, 'db': None}	3.05	0.0	0.0	2.0	0.0	0.0	0.0	0.0	1.22474487139	0.0	0.0	{'rp': 0.0, 'cdf': 0.0, 'rw': 0.0, 'lb': 0.0, 'sp': 0.0}	0.0	0.0	{'cdf': 0.0}	3.0	{'rt': None, 'pc': None, 'cdf': None, 'rw': None, 'rp': None, 'mt': None, 'lb': None, 'sp': None, 'db': None}	2.83333333333	0.0	0.0	0	{'rp': 0.0, 'cdf': 0.0, 'rw': 0.0, 'lb': 0.0, 'sp': 0.0}	{'cdf': 1.0}	0.0	0.0	None	1.22474487139	0.0	0.0	0.0	3.0	0.0	3.05	{'rp': 0.0, 'cdf': 0.0, 'rw': 0.0, 'lb': 0.0, 'sp': 0.0}	0.0	{'rp': 0.0, 'cdf': 0.0, 'rw': 0.0, 'lb': 0.0, 'sp': 0.0}	{'rp': 0.0, 'cdf': 0.0, 'rw': 0.0, 'lb': 0.0, 'sp': 0.0}	{'rt': None, 'pc': None, 'cdf': None, 'rw': None, 'rp': None, 'mt': None, 'lb': None, 'sp': None, 'db': None}	0.0	
5499	{'rt': None, 'pc': None, 'cdf': None, 'rw': None, 'rp': None, 'mt': None, 'lb': None, 'sp': None, 'db': None}	None	None	None	None	None	None	None	None	None	None	None	None	None	None	None	None	None	None	None	None	{'rt': None, 'pc': None, 'cdf': None, 'rw': None, 'rp': None, 'mt': None, 'lb': None, 'sp': None, 'db': None}	None	None	{'pc': None, 'cdf': None}	{'rt': None, 'pc': None, 'cdf': None, 'rw': None, 'rp': None, 'mt': None, 'lb': None, 'sp': None, 'db': None}	None	None	{'rt': None, 'pc': None, 'cdf': None, 'rw': None, 'rp': None, 'mt': None, 'lb': None, 'sp': None, 'db': None}	None	None	None	None	None	None	{'pc': None, 'cdf': None}	None	{'rt': None, 'pc': None, 'cdf': None, 'rw': None, 'rp': None, 'mt': None, 'lb': None, 'sp': None, 'db': None}	None	{'rt': None, 'pc': None, 'cdf': None, 'rw': None, 'rp': None, 'mt': None, 'lb': None, 'sp': None, 'db': None}	{'pc': None, 'cdf': None}	None	None	{'rt': None, 'pc': None, 'cdf': None, 'rw': None, 'rp': None, 'mt': None, 'lb': None, 'sp': None, 'db': None}	None	{'rt': None, 'pc': None, 'cdf': None, 'rw': None, 'rp': None, 'mt': None, 'lb': None, 'sp': None, 'db': None}	None	None	None	None	None	{'rt': None, 'pc': None, 'cdf': None, 'rw': None, 'rp': None, 'mt': None, 'lb': None, 'sp': None, 'db': None}	{'rt': None, 'pc': None, 'cdf': None, 'rw': None, 'rp': None, 'mt': None, 'lb': None, 'sp': None, 'db': None}	None	{'pc': None, 'cdf': None}	None	None	None	None	None	None	None	None	None	None	None	{'rt': None, 'pc': None, 'cdf': None, 'rw': None, 'rp': None, 'mt': None, 'lb': None, 'sp': None, 'db': None}	{'pc': None, 'cdf': None}	None	None	{'rt': None, 'pc': None, 'cdf': None, 'rw': None, 'rp': None, 'mt': None, 'lb': None, 'sp': None, 'db': None}	None	{'pc': None, 'cdf': None}	{'rt': None, 'pc': None, 'cdf': None, 'rw': None, 'rp': None, 'mt': None, 'lb': None, 'sp': None, 'db': None}	None	None	None	
5137	{'rt': None, 'pc': None, 'cdf': None, 'rw': None, 'rp': None, 'mt': None, 'lb': None, 'sp': None, 'db': None}	None	None	None	None	None	None	None	None	None	None	None	None	None	None	None	None	None	None	None	None	{'rt': None, 'pc': None, 'cdf': None, 'rw': None, 'rp': None, 'mt': None, 'lb': None, 'sp': None, 'db': None}	None	None	{'pc': None, 'cdf': None}	{'rt': None, 'pc': None, 'cdf': None, 'rw': None, 'rp': None, 'mt': None, 'lb': None, 'sp': None, 'db': None}	None	None	{'rt': None, 'pc': None, 'cdf': None, 'rw': None, 'rp': None, 'mt': None, 'lb': None, 'sp': None, 'db': None}	None	None	None	None	None	None	{'pc': None, 'cdf': None}	None	{'rt': None, 'pc': None, 'cdf': None, 'rw': None, 'rp': None, 'mt': None, 'lb': None, 'sp': None, 'db': None}	None	{'rt': None, 'pc': None, 'cdf': None, 'rw': None, 'rp': None, 'mt': None, 'lb': None, 'sp': None, 'db': None}	{'pc': None, 'cdf': None}	None	None	{'rt': None, 'pc': None, 'cdf': None, 'rw': None, 'rp': None, 'mt': None, 'lb': None, 'sp': None, 'db': None}	None	{'rt': None, 'pc': None, 'cdf': None, 'rw': None, 'rp': None, 'mt': None, 'lb': None, 'sp': None, 'db': None}	None	None	None	None	None	{'rt': None, 'pc': None, 'cdf': None, 'rw': None, 'rp': None, 'mt': None, 'lb': None, 'sp': None, 'db': None}	{'rt': None, 'pc': None, 'cdf': None, 'rw': None, 'rp': None, 'mt': None, 'lb': None, 'sp': None, 'db': None}	None	{'pc': None, 'cdf': None}	None	None	None	None	None	None	None	None	None	None	None	{'rt': None, 'pc': None, 'cdf': None, 'rw': None, 'rp': None, 'mt': None, 'lb': None, 'sp': None, 'db': None}	{'pc': None, 'cdf': None}	None	None	{'rt': None, 'pc': None, 'cdf': None, 'rw': None, 'rp': None, 'mt': None, 'lb': None, 'sp': None, 'db': None}	None	{'pc': None, 'cdf': None}	{'rt': None, 'pc': None, 'cdf': None, 'rw': None, 'rp': None, 'mt': None, 'lb': None, 'sp': None, 'db': None}	None	None	None	
5136	{'rt': None, 'pc': None, 'cdf': None, 'rw': None, 'rp': None, 'mt': None, 'lb': None, 'sp': None, 'db': None}	None	None	None	None	None	None	None	None	None	None	None	None	None	None	None	None	None	None	None	None	{'rt': None, 'pc': None, 'cdf': None, 'rw': None, 'rp': None, 'mt': None, 'lb': None, 'sp': None, 'db': None}	None	None	{'pc': None, 'cdf': None}	{'rt': None, 'pc': None, 'cdf': None, 'rw': None, 'rp': None, 'mt': None, 'lb': None, 'sp': None, 'db': None}	None	None	{'rt': None, 'pc': None, 'cdf': None, 'rw': None, 'rp': None, 'mt': None, 'lb': None, 'sp': None, 'db': None}	None	None	None	None	None	None	{'pc': None, 'cdf': None}	None	{'rt': None, 'pc': None, 'cdf': None, 'rw': None, 'rp': None, 'mt': None, 'lb': None, 'sp': None, 'db': None}	None	{'rt': None, 'pc': None, 'cdf': None, 'rw': None, 'rp': None, 'mt': None, 'lb': None, 'sp': None, 'db': None}	{'pc': None, 'cdf': None}	None	None	{'rt': None, 'pc': None, 'cdf': None, 'rw': None, 'rp': None, 'mt': None, 'lb': None, 'sp': None, 'db': None}	None	{'rt': None, 'pc': None, 'cdf': None, 'rw': None, 'rp': None, 'mt': None, 'lb': None, 'sp': None, 'db': None}	None	None	None	None	None	{'rt': None, 'pc': None, 'cdf': None, 'rw': None, 'rp': None, 'mt': None, 'lb': None, 'sp': None, 'db': None}	{'rt': None, 'pc': None, 'cdf': None, 'rw': None, 'rp': None, 'mt': None, 'lb': None, 'sp': None, 'db': None}	None	{'pc': None, 'cdf': None}	None	None	None	None	None	None	None	None	None	None	None	{'rt': None, 'pc': None, 'cdf': None, 'rw': None, 'rp': None, 'mt': None, 'lb': None, 'sp': None, 'db': None}	{'pc': None, 'cdf': None}	None	None	{'rt': None, 'pc': None, 'cdf': None, 'rw': None, 'rp': None, 'mt': None, 'lb': None, 'sp': None, 'db': None}	None	{'pc': None, 'cdf': None}	{'rt': None, 'pc': None, 'cdf': None, 'rw': None, 'rp': None, 'mt': None, 'lb': None, 'sp': None, 'db': None}	None	None	None	
5496	{'rt': None, 'pc': None, 'cdf': None, 'rw': None, 'rp': None, 'mt': None, 'lb': None, 'sp': None, 'db': None}	None	None	None	None	None	None	None	None	None	None	None	None	None	None	None	None	None	None	None	None	{'rt': None, 'pc': None, 'cdf': None, 'rw': None, 'rp': None, 'mt': None, 'lb': None, 'sp': None, 'db': None}	None	None	{'pc': None, 'cdf': None}	{'rt': None, 'pc': None, 'cdf': None, 'rw': None, 'rp': None, 'mt': None, 'lb': None, 'sp': None, 'db': None}	None	None	{'rt': None, 'pc': None, 'cdf': None, 'rw': None, 'rp': None, 'mt': None, 'lb': None, 'sp': None, 'db': None}	None	None	None	None	None	None	{'pc': None, 'cdf': None}	None	{'rt': None, 'pc': None, 'cdf': None, 'rw': None, 'rp': None, 'mt': None, 'lb': None, 'sp': None, 'db': None}	None	{'rt': None, 'pc': None, 'cdf': None, 'rw': None, 'rp': None, 'mt': None, 'lb': None, 'sp': None, 'db': None}	{'pc': None, 'cdf': None}	None	None	{'rt': None, 'pc': None, 'cdf': None, 'rw': None, 'rp': None, 'mt': None, 'lb': None, 'sp': None, 'db': None}	None	{'rt': None, 'pc': None, 'cdf': None, 'rw': None, 'rp': None, 'mt': None, 'lb': None, 'sp': None, 'db': None}	None	None	None	None	None	{'rt': None, 'pc': None, 'cdf': None, 'rw': None, 'rp': None, 'mt': None, 'lb': None, 'sp': None, 'db': None}	{'rt': None, 'pc': None, 'cdf': None, 'rw': None, 'rp': None, 'mt': None, 'lb': None, 'sp': None, 'db': None}	None	{'pc': None, 'cdf': None}	None	None	None	None	None	None	None	None	None	None	None	{'rt': None, 'pc': None, 'cdf': None, 'rw': None, 'rp': None, 'mt': None, 'lb': None, 'sp': None, 'db': None}	{'pc': None, 'cdf': None}	None	None	{'rt': None, 'pc': None, 'cdf': None, 'rw': None, 'rp': None, 'mt': None, 'lb': None, 'sp': None, 'db': None}	None	{'pc': None, 'cdf': None}	{'rt': None, 'pc': None, 'cdf': None, 'rw': None, 'rp': None, 'mt': None, 'lb': None, 'sp': None, 'db': None}	None	None	None	
5134	{'rt': None, 'pc': None, 'cdf': None, 'rw': None, 'rp': None, 'mt': None, 'lb': None, 'sp': None, 'db': None}	None	None	None	None	None	None	None	None	None	None	None	None	None	None	None	None	None	None	None	None	{'rt': None, 'pc': None, 'cdf': None, 'rw': None, 'rp': None, 'mt': None, 'lb': None, 'sp': None, 'db': None}	None	None	{'pc': None, 'cdf': None}	{'rt': None, 'pc': None, 'cdf': None, 'rw': None, 'rp': None, 'mt': None, 'lb': None, 'sp': None, 'db': None}	None	None	{'rt': None, 'pc': None, 'cdf': None, 'rw': None, 'rp': None, 'mt': None, 'lb': None, 'sp': None, 'db': None}	None	None	None	None	None	None	{'pc': None, 'cdf': None}	None	{'rt': None, 'pc': None, 'cdf': None, 'rw': None, 'rp': None, 'mt': None, 'lb': None, 'sp': None, 'db': None}	None	{'rt': None, 'pc': None, 'cdf': None, 'rw': None, 'rp': None, 'mt': None, 'lb': None, 'sp': None, 'db': None}	{'pc': None, 'cdf': None}	None	None	{'rt': None, 'pc': None, 'cdf': None, 'rw': None, 'rp': None, 'mt': None, 'lb': None, 'sp': None, 'db': None}	None	{'rt': None, 'pc': None, 'cdf': None, 'rw': None, 'rp': None, 'mt': None, 'lb': None, 'sp': None, 'db': None}	None	None	None	None	None	{'rt': None, 'pc': None, 'cdf': None, 'rw': None, 'rp': None, 'mt': None, 'lb': None, 'sp': None, 'db': None}	{'rt': None, 'pc': None, 'cdf': None, 'rw': None, 'rp': None, 'mt': None, 'lb': None, 'sp': None, 'db': None}	None	{'pc': None, 'cdf': None}	None	None	None	None	None	None	None	None	None	None	None	{'rt': None, 'pc': None, 'cdf': None, 'rw': None, 'rp': None, 'mt': None, 'lb': None, 'sp': None, 'db': None}	{'pc': None, 'cdf': None}	None	None	{'rt': None, 'pc': None, 'cdf': None, 'rw': None, 'rp': None, 'mt': None, 'lb': None, 'sp': None, 'db': None}	None	{'pc': None, 'cdf': None}	{'rt': None, 'pc': None, 'cdf': None, 'rw': None, 'rp': None, 'mt': None, 'lb': None, 'sp': None, 'db': None}	None	None	None	
3045	{'rt': None, 'pc': None, 'cdf': None, 'rw': None, 'rp': None, 'mt': None, 'lb': None, 'sp': None, 'db': None}	None	None	None	None	None	None	None	None	None	None	None	None	None	None	None	None	None	None	None	None	{'rt': None, 'pc': None, 'cdf': None, 'rw': None, 'rp': None, 'mt': None, 'lb': None, 'sp': None, 'db': None}	None	None	{'pc': None, 'cdf': None}	{'rt': None, 'pc': None, 'cdf': None, 'rw': None, 'rp': None, 'mt': None, 'lb': None, 'sp': None, 'db': None}	None	None	{'rt': None, 'pc': None, 'cdf': None, 'rw': None, 'rp': None, 'mt': None, 'lb': None, 'sp': None, 'db': None}	None	None	None	None	None	None	{'pc': None, 'cdf': None}	None	{'rt': None, 'pc': None, 'cdf': None, 'rw': None, 'rp': None, 'mt': None, 'lb': None, 'sp': None, 'db': None}	None	{'rt': None, 'pc': None, 'cdf': None, 'rw': None, 'rp': None, 'mt': None, 'lb': None, 'sp': None, 'db': None}	{'pc': None, 'cdf': None}	None	None	{'rt': None, 'pc': None, 'cdf': None, 'rw': None, 'rp': None, 'mt': None, 'lb': None, 'sp': None, 'db': None}	None	{'rt': None, 'pc': None, 'cdf': None, 'rw': None, 'rp': None, 'mt': None, 'lb': None, 'sp': None, 'db': None}	None	None	None	None	None	{'rt': None, 'pc': None, 'cdf': None, 'rw': None, 'rp': None, 'mt': None, 'lb': None, 'sp': None, 'db': None}	{'rt': None, 'pc': None, 'cdf': None, 'rw': None, 'rp': None, 'mt': None, 'lb': None, 'sp': None, 'db': None}	None	{'pc': None, 'cdf': None}	None	None	None	None	None	None	None	None	None	None	None	{'rt': None, 'pc': None, 'cdf': None, 'rw': None, 'rp': None, 'mt': None, 'lb': None, 'sp': None, 'db': None}	{'pc': None, 'cdf': None}	None	None	{'rt': None, 'pc': None, 'cdf': None, 'rw': None, 'rp': None, 'mt': None, 'lb': None, 'sp': None, 'db': None}	None	{'pc': None, 'cdf': None}	{'rt': None, 'pc': None, 'cdf': None, 'rw': None, 'rp': None, 'mt': None, 'lb': None, 'sp': None, 'db': None}	None	None	None	
3303	{'rt': None, 'pc': None, 'cdf': None, 'rw': None, 'rp': None, 'mt': None, 'lb': None, 'sp': None, 'db': None}	None	None	None	None	None	None	None	None	None	None	None	None	None	None	None	None	None	None	None	None	{'rt': None, 'pc': None, 'cdf': None, 'rw': None, 'rp': None, 'mt': None, 'lb': None, 'sp': None, 'db': None}	None	None	{'pc': None, 'cdf': None}	{'rt': None, 'pc': None, 'cdf': None, 'rw': None, 'rp': None, 'mt': None, 'lb': None, 'sp': None, 'db': None}	None	None	{'rt': None, 'pc': None, 'cdf': None, 'rw': None, 'rp': None, 'mt': None, 'lb': None, 'sp': None, 'db': None}	None	None	None	None	None	None	{'pc': None, 'cdf': None}	None	{'rt': None, 'pc': None, 'cdf': None, 'rw': None, 'rp': None, 'mt': None, 'lb': None, 'sp': None, 'db': None}	None	{'rt': None, 'pc': None, 'cdf': None, 'rw': None, 'rp': None, 'mt': None, 'lb': None, 'sp': None, 'db': None}	{'pc': None, 'cdf': None}	None	None	{'rt': None, 'pc': None, 'cdf': None, 'rw': None, 'rp': None, 'mt': None, 'lb': None, 'sp': None, 'db': None}	None	{'rt': None, 'pc': None, 'cdf': None, 'rw': None, 'rp': None, 'mt': None, 'lb': None, 'sp': None, 'db': None}	None	None	None	None	None	{'rt': None, 'pc': None, 'cdf': None, 'rw': None, 'rp': None, 'mt': None, 'lb': None, 'sp': None, 'db': None}	{'rt': None, 'pc': None, 'cdf': None, 'rw': None, 'rp': None, 'mt': None, 'lb': None, 'sp': None, 'db': None}	None	{'pc': None, 'cdf': None}	None	None	None	None	None	None	None	None	None	None	None	{'rt': None, 'pc': None, 'cdf': None, 'rw': None, 'rp': None, 'mt': None, 'lb': None, 'sp': None, 'db': None}	{'pc': None, 'cdf': None}	None	None	{'rt': None, 'pc': None, 'cdf': None, 'rw': None, 'rp': None, 'mt': None, 'lb': None, 'sp': None, 'db': None}	None	{'pc': None, 'cdf': None}	{'rt': None, 'pc': None, 'cdf': None, 'rw': None, 'rp': None, 'mt': None, 'lb': None, 'sp': None, 'db': None}	None	None	None	
254	{'rt': None, 'pc': None, 'cdf': None, 'rw': None, 'rp': None, 'mt': None, 'lb': None, 'sp': None, 'db': None}	None	None	None	None	None	None	None	None	None	None	None	None	None	None	None	None	None	None	None	None	{'rt': None, 'pc': None, 'cdf': None, 'rw': None, 'rp': None, 'mt': None, 'lb': None, 'sp': None, 'db': None}	None	None	{'pc': None, 'cdf': None}	{'rt': None, 'pc': None, 'cdf': None, 'rw': None, 'rp': None, 'mt': None, 'lb': None, 'sp': None, 'db': None}	None	None	{'rt': None, 'pc': None, 'cdf': None, 'rw': None, 'rp': None, 'mt': None, 'lb': None, 'sp': None, 'db': None}	None	None	None	None	None	None	{'pc': None, 'cdf': None}	None	{'rt': None, 'pc': None, 'cdf': None, 'rw': None, 'rp': None, 'mt': None, 'lb': None, 'sp': None, 'db': None}	None	{'rt': None, 'pc': None, 'cdf': None, 'rw': None, 'rp': None, 'mt': None, 'lb': None, 'sp': None, 'db': None}	{'pc': None, 'cdf': None}	None	None	{'rt': None, 'pc': None, 'cdf': None, 'rw': None, 'rp': None, 'mt': None, 'lb': None, 'sp': None, 'db': None}	None	{'rt': None, 'pc': None, 'cdf': None, 'rw': None, 'rp': None, 'mt': None, 'lb': None, 'sp': None, 'db': None}	None	None	None	None	None	{'rt': None, 'pc': None, 'cdf': None, 'rw': None, 'rp': None, 'mt': None, 'lb': None, 'sp': None, 'db': None}	{'rt': None, 'pc': None, 'cdf': None, 'rw': None, 'rp': None, 'mt': None, 'lb': None, 'sp': None, 'db': None}	None	{'pc': None, 'cdf': None}	None	None	None	None	None	None	None	None	None	None	None	{'rt': None, 'pc': None, 'cdf': None, 'rw': None, 'rp': None, 'mt': None, 'lb': None, 'sp': None, 'db': None}	{'pc': None, 'cdf': None}	None	None	{'rt': None, 'pc': None, 'cdf': None, 'rw': None, 'rp': None, 'mt': None, 'lb': None, 'sp': None, 'db': None}	None	{'pc': None, 'cdf': None}	{'rt': None, 'pc': None, 'cdf': None, 'rw': None, 'rp': None, 'mt': None, 'lb': None, 'sp': None, 'db': None}	None	None	None	
5458	-1.36540689836	0.0	0.0	0	0.0	{'pc': None, 'cdf': None}	0	0.0	0.0	{'pc': None, 'cdf': None}	{'rp': 0.0, 'cdf': 0.0, 'rw': 0.0, 'lb': 0.0, 'sp': 0.0}	1.0	0.0	{'rp': 0.0, 'cdf': 0.0, 'rw': 0.0, 'lb': 0.0, 'sp': 0.0}	0.0	6.20284952223	{'rt': 0, 'cdf': 0.0, 'rw': 0.0, 'lb': 0.0, 'mt': 0, 'sp': 0.0, 'db': 0, 'pc': 0, 'rp': 0.0}	0.0	0.0	0.0	{'rp': 0.0, 'cdf': 0.0, 'rw': 0.0, 'lb': 0.0, 'sp': 0.0}	0.0	0.0	4	0.0	0.0	4	0.0	None	{'rp': 0.0, 'cdf': 0.0, 'rw': 0.0, 'lb': 0.0, 'sp': 0.0}	0.0	{'cdf': 0.0}	0.0	-1.22474487139	0.0	{'rt': None, 'pc': None, 'cdf': None, 'rw': None, 'rp': None, 'mt': None, 'lb': None, 'sp': None, 'db': None}	{'pc': None, 'cdf': None}	1.0	0.0	0.0	{'rt': None, 'pc': None, 'cdf': None, 'rw': None, 'rp': None, 'mt': None, 'lb': None, 'sp': None, 'db': None}	1.0	-1.22474487139	0.0	1.0	0.0	0.0	0.0	0.0	-1.22474487139	0.0	0.0	{'rp': 0.0, 'cdf': 0.0, 'rw': 0.0, 'lb': 0.0, 'sp': 0.0}	0.0	0.0	{'cdf': 0.0}	1.0	{'rt': None, 'pc': None, 'cdf': None, 'rw': None, 'rp': None, 'mt': None, 'lb': None, 'sp': None, 'db': None}	2.83333333333	0.0	0.0	0	{'rp': 0.0, 'cdf': 0.0, 'rw': 0.0, 'lb': 0.0, 'sp': 0.0}	{'cdf': 0.0}	0.0	0.0	None	-1.22474487139	0.0	0.0	0.0	1.0	0.0	1.0	{'rp': 0.0, 'cdf': 0.0, 'rw': 0.0, 'lb': 0.0, 'sp': 0.0}	0.0	{'rp': 0.0, 'cdf': 0.0, 'rw': 0.0, 'lb': 0.0, 'sp': 0.0}	{'rp': 0.0, 'cdf': 0.0, 'rw': 0.0, 'lb': 0.0, 'sp': 0.0}	{'rt': None, 'pc': None, 'cdf': None, 'rw': None, 'rp': None, 'mt': None, 'lb': None, 'sp': None, 'db': None}	0.0	
1422	{'rt': None, 'pc': None, 'cdf': None, 'rw': None, 'rp': None, 'mt': None, 'lb': None, 'sp': None, 'db': None}	None	None	None	None	None	None	None	None	None	None	None	None	None	None	None	None	None	None	None	None	{'rt': None, 'pc': None, 'cdf': None, 'rw': None, 'rp': None, 'mt': None, 'lb': None, 'sp': None, 'db': None}	None	None	{'pc': None, 'cdf': None}	{'rt': None, 'pc': None, 'cdf': None, 'rw': None, 'rp': None, 'mt': None, 'lb': None, 'sp': None, 'db': None}	None	None	{'rt': None, 'pc': None, 'cdf': None, 'rw': None, 'rp': None, 'mt': None, 'lb': None, 'sp': None, 'db': None}	None	None	None	None	None	None	{'pc': None, 'cdf': None}	None	{'rt': None, 'pc': None, 'cdf': None, 'rw': None, 'rp': None, 'mt': None, 'lb': None, 'sp': None, 'db': None}	None	{'rt': None, 'pc': None, 'cdf': None, 'rw': None, 'rp': None, 'mt': None, 'lb': None, 'sp': None, 'db': None}	{'pc': None, 'cdf': None}	None	None	{'rt': None, 'pc': None, 'cdf': None, 'rw': None, 'rp': None, 'mt': None, 'lb': None, 'sp': None, 'db': None}	None	{'rt': None, 'pc': None, 'cdf': None, 'rw': None, 'rp': None, 'mt': None, 'lb': None, 'sp': None, 'db': None}	None	None	None	None	None	{'rt': None, 'pc': None, 'cdf': None, 'rw': None, 'rp': None, 'mt': None, 'lb': None, 'sp': None, 'db': None}	{'rt': None, 'pc': None, 'cdf': None, 'rw': None, 'rp': None, 'mt': None, 'lb': None, 'sp': None, 'db': None}	None	{'pc': None, 'cdf': None}	None	None	None	None	None	None	None	None	None	None	None	{'rt': None, 'pc': None, 'cdf': None, 'rw': None, 'rp': None, 'mt': None, 'lb': None, 'sp': None, 'db': None}	{'pc': None, 'cdf': None}	None	None	{'rt': None, 'pc': None, 'cdf': None, 'rw': None, 'rp': None, 'mt': None, 'lb': None, 'sp': None, 'db': None}	None	{'pc': None, 'cdf': None}	{'rt': None, 'pc': None, 'cdf': None, 'rw': None, 'rp': None, 'mt': None, 'lb': None, 'sp': None, 'db': None}	None	None	None	
973	{'rt': None, 'pc': None, 'cdf': None, 'rw': None, 'rp': None, 'mt': None, 'lb': None, 'sp': None, 'db': None}	None	None	None	None	None	None	None	None	None	None	None	None	None	None	None	None	None	None	None	None	{'rt': None, 'pc': None, 'cdf': None, 'rw': None, 'rp': None, 'mt': None, 'lb': None, 'sp': None, 'db': None}	None	None	{'pc': None, 'cdf': None}	{'rt': None, 'pc': None, 'cdf': None, 'rw': None, 'rp': None, 'mt': None, 'lb': None, 'sp': None, 'db': None}	None	None	{'rt': None, 'pc': None, 'cdf': None, 'rw': None, 'rp': None, 'mt': None, 'lb': None, 'sp': None, 'db': None}	None	None	None	None	None	None	{'pc': None, 'cdf': None}	None	{'rt': None, 'pc': None, 'cdf': None, 'rw': None, 'rp': None, 'mt': None, 'lb': None, 'sp': None, 'db': None}	None	{'rt': None, 'pc': None, 'cdf': None, 'rw': None, 'rp': None, 'mt': None, 'lb': None, 'sp': None, 'db': None}	{'pc': None, 'cdf': None}	None	None	{'rt': None, 'pc': None, 'cdf': None, 'rw': None, 'rp': None, 'mt': None, 'lb': None, 'sp': None, 'db': None}	None	{'rt': None, 'pc': None, 'cdf': None, 'rw': None, 'rp': None, 'mt': None, 'lb': None, 'sp': None, 'db': None}	None	None	None	None	None	{'rt': None, 'pc': None, 'cdf': None, 'rw': None, 'rp': None, 'mt': None, 'lb': None, 'sp': None, 'db': None}	{'rt': None, 'pc': None, 'cdf': None, 'rw': None, 'rp': None, 'mt': None, 'lb': None, 'sp': None, 'db': None}	None	{'pc': None, 'cdf': None}	None	None	None	None	None	None	None	None	None	None	None	{'rt': None, 'pc': None, 'cdf': None, 'rw': None, 'rp': None, 'mt': None, 'lb': None, 'sp': None, 'db': None}	{'pc': None, 'cdf': None}	None	None	{'rt': None, 'pc': None, 'cdf': None, 'rw': None, 'rp': None, 'mt': None, 'lb': None, 'sp': None, 'db': None}	None	{'pc': None, 'cdf': None}	{'rt': None, 'pc': None, 'cdf': None, 'rw': None, 'rp': None, 'mt': None, 'lb': None, 'sp': None, 'db': None}	None	None	None	
972	{'rt': None, 'pc': None, 'cdf': None, 'rw': None, 'rp': None, 'mt': None, 'lb': None, 'sp': None, 'db': None}	None	None	None	None	None	None	None	None	None	None	None	None	None	None	None	None	None	None	None	None	{'rt': None, 'pc': None, 'cdf': None, 'rw': None, 'rp': None, 'mt': None, 'lb': None, 'sp': None, 'db': None}	None	None	{'pc': None, 'cdf': None}	{'rt': None, 'pc': None, 'cdf': None, 'rw': None, 'rp': None, 'mt': None, 'lb': None, 'sp': None, 'db': None}	None	None	{'rt': None, 'pc': None, 'cdf': None, 'rw': None, 'rp': None, 'mt': None, 'lb': None, 'sp': None, 'db': None}	None	None	None	None	None	None	{'pc': None, 'cdf': None}	None	{'rt': None, 'pc': None, 'cdf': None, 'rw': None, 'rp': None, 'mt': None, 'lb': None, 'sp': None, 'db': None}	None	{'rt': None, 'pc': None, 'cdf': None, 'rw': None, 'rp': None, 'mt': None, 'lb': None, 'sp': None, 'db': None}	{'pc': None, 'cdf': None}	None	None	{'rt': None, 'pc': None, 'cdf': None, 'rw': None, 'rp': None, 'mt': None, 'lb': None, 'sp': None, 'db': None}	None	{'rt': None, 'pc': None, 'cdf': None, 'rw': None, 'rp': None, 'mt': None, 'lb': None, 'sp': None, 'db': None}	None	None	None	None	None	{'rt': None, 'pc': None, 'cdf': None, 'rw': None, 'rp': None, 'mt': None, 'lb': None, 'sp': None, 'db': None}	{'rt': None, 'pc': None, 'cdf': None, 'rw': None, 'rp': None, 'mt': None, 'lb': None, 'sp': None, 'db': None}	None	{'pc': None, 'cdf': None}	None	None	None	None	None	None	None	None	None	None	None	{'rt': None, 'pc': None, 'cdf': None, 'rw': None, 'rp': None, 'mt': None, 'lb': None, 'sp': None, 'db': None}	{'pc': None, 'cdf': None}	None	None	{'rt': None, 'pc': None, 'cdf': None, 'rw': None, 'rp': None, 'mt': None, 'lb': None, 'sp': None, 'db': None}	None	{'pc': None, 'cdf': None}	{'rt': None, 'pc': None, 'cdf': None, 'rw': None, 'rp': None, 'mt': None, 'lb': None, 'sp': None, 'db': None}	None	None	None	
1967	{'rt': None, 'pc': None, 'cdf': None, 'rw': None, 'rp': None, 'mt': None, 'lb': None, 'sp': None, 'db': None}	None	None	None	None	None	None	None	None	None	None	None	None	None	None	None	None	None	None	None	None	{'rt': None, 'pc': None, 'cdf': None, 'rw': None, 'rp': None, 'mt': None, 'lb': None, 'sp': None, 'db': None}	None	None	{'pc': None, 'cdf': None}	{'rt': None, 'pc': None, 'cdf': None, 'rw': None, 'rp': None, 'mt': None, 'lb': None, 'sp': None, 'db': None}	None	None	{'rt': None, 'pc': None, 'cdf': None, 'rw': None, 'rp': None, 'mt': None, 'lb': None, 'sp': None, 'db': None}	None	None	None	None	None	None	{'pc': None, 'cdf': None}	None	{'rt': None, 'pc': None, 'cdf': None, 'rw': None, 'rp': None, 'mt': None, 'lb': None, 'sp': None, 'db': None}	None	{'rt': None, 'pc': None, 'cdf': None, 'rw': None, 'rp': None, 'mt': None, 'lb': None, 'sp': None, 'db': None}	{'pc': None, 'cdf': None}	None	None	{'rt': None, 'pc': None, 'cdf': None, 'rw': None, 'rp': None, 'mt': None, 'lb': None, 'sp': None, 'db': None}	None	{'rt': None, 'pc': None, 'cdf': None, 'rw': None, 'rp': None, 'mt': None, 'lb': None, 'sp': None, 'db': None}	None	None	None	None	None	{'rt': None, 'pc': None, 'cdf': None, 'rw': None, 'rp': None, 'mt': None, 'lb': None, 'sp': None, 'db': None}	{'rt': None, 'pc': None, 'cdf': None, 'rw': None, 'rp': None, 'mt': None, 'lb': None, 'sp': None, 'db': None}	None	{'pc': None, 'cdf': None}	None	None	None	None	None	None	None	None	None	None	None	{'rt': None, 'pc': None, 'cdf': None, 'rw': None, 'rp': None, 'mt': None, 'lb': None, 'sp': None, 'db': None}	{'pc': None, 'cdf': None}	None	None	{'rt': None, 'pc': None, 'cdf': None, 'rw': None, 'rp': None, 'mt': None, 'lb': None, 'sp': None, 'db': None}	None	{'pc': None, 'cdf': None}	{'rt': None, 'pc': None, 'cdf': None, 'rw': None, 'rp': None, 'mt': None, 'lb': None, 'sp': None, 'db': None}	None	None	None	
3970	{'rt': None, 'pc': None, 'cdf': None, 'rw': None, 'rp': None, 'mt': None, 'lb': None, 'sp': None, 'db': None}	None	None	None	None	None	None	None	None	None	None	None	None	None	None	None	None	None	None	None	None	{'rt': None, 'pc': None, 'cdf': None, 'rw': None, 'rp': None, 'mt': None, 'lb': None, 'sp': None, 'db': None}	None	None	{'pc': None, 'cdf': None}	{'rt': None, 'pc': None, 'cdf': None, 'rw': None, 'rp': None, 'mt': None, 'lb': None, 'sp': None, 'db': None}	None	None	{'rt': None, 'pc': None, 'cdf': None, 'rw': None, 'rp': None, 'mt': None, 'lb': None, 'sp': None, 'db': None}	None	None	None	None	None	None	{'pc': None, 'cdf': None}	None	{'rt': None, 'pc': None, 'cdf': None, 'rw': None, 'rp': None, 'mt': None, 'lb': None, 'sp': None, 'db': None}	None	{'rt': None, 'pc': None, 'cdf': None, 'rw': None, 'rp': None, 'mt': None, 'lb': None, 'sp': None, 'db': None}	{'pc': None, 'cdf': None}	None	None	{'rt': None, 'pc': None, 'cdf': None, 'rw': None, 'rp': None, 'mt': None, 'lb': None, 'sp': None, 'db': None}	None	{'rt': None, 'pc': None, 'cdf': None, 'rw': None, 'rp': None, 'mt': None, 'lb': None, 'sp': None, 'db': None}	None	None	None	None	None	{'rt': None, 'pc': None, 'cdf': None, 'rw': None, 'rp': None, 'mt': None, 'lb': None, 'sp': None, 'db': None}	{'rt': None, 'pc': None, 'cdf': None, 'rw': None, 'rp': None, 'mt': None, 'lb': None, 'sp': None, 'db': None}	None	{'pc': None, 'cdf': None}	None	None	None	None	None	None	None	None	None	None	None	{'rt': None, 'pc': None, 'cdf': None, 'rw': None, 'rp': None, 'mt': None, 'lb': None, 'sp': None, 'db': None}	{'pc': None, 'cdf': None}	None	None	{'rt': None, 'pc': None, 'cdf': None, 'rw': None, 'rp': None, 'mt': None, 'lb': None, 'sp': None, 'db': None}	None	{'pc': None, 'cdf': None}	{'rt': None, 'pc': None, 'cdf': None, 'rw': None, 'rp': None, 'mt': None, 'lb': None, 'sp': None, 'db': None}	None	None	None	
1678	{'rt': None, 'pc': None, 'cdf': None, 'rw': None, 'rp': None, 'mt': None, 'lb': None, 'sp': None, 'db': None}	None	None	None	None	None	None	None	None	None	None	None	None	None	None	None	None	None	None	None	None	{'rt': None, 'pc': None, 'cdf': None, 'rw': None, 'rp': None, 'mt': None, 'lb': None, 'sp': None, 'db': None}	None	None	{'pc': None, 'cdf': None}	{'rt': None, 'pc': None, 'cdf': None, 'rw': None, 'rp': None, 'mt': None, 'lb': None, 'sp': None, 'db': None}	None	None	{'rt': None, 'pc': None, 'cdf': None, 'rw': None, 'rp': None, 'mt': None, 'lb': None, 'sp': None, 'db': None}	None	None	None	None	None	None	{'pc': None, 'cdf': None}	None	{'rt': None, 'pc': None, 'cdf': None, 'rw': None, 'rp': None, 'mt': None, 'lb': None, 'sp': None, 'db': None}	None	{'rt': None, 'pc': None, 'cdf': None, 'rw': None, 'rp': None, 'mt': None, 'lb': None, 'sp': None, 'db': None}	{'pc': None, 'cdf': None}	None	None	{'rt': None, 'pc': None, 'cdf': None, 'rw': None, 'rp': None, 'mt': None, 'lb': None, 'sp': None, 'db': None}	None	{'rt': None, 'pc': None, 'cdf': None, 'rw': None, 'rp': None, 'mt': None, 'lb': None, 'sp': None, 'db': None}	None	None	None	None	None	{'rt': None, 'pc': None, 'cdf': None, 'rw': None, 'rp': None, 'mt': None, 'lb': None, 'sp': None, 'db': None}	{'rt': None, 'pc': None, 'cdf': None, 'rw': None, 'rp': None, 'mt': None, 'lb': None, 'sp': None, 'db': None}	None	{'pc': None, 'cdf': None}	None	None	None	None	None	None	None	None	None	None	None	{'rt': None, 'pc': None, 'cdf': None, 'rw': None, 'rp': None, 'mt': None, 'lb': None, 'sp': None, 'db': None}	{'pc': None, 'cdf': None}	None	None	{'rt': None, 'pc': None, 'cdf': None, 'rw': None, 'rp': None, 'mt': None, 'lb': None, 'sp': None, 'db': None}	None	{'pc': None, 'cdf': None}	{'rt': None, 'pc': None, 'cdf': None, 'rw': None, 'rp': None, 'mt': None, 'lb': None, 'sp': None, 'db': None}	None	None	None	
2073	{'rt': None, 'pc': None, 'cdf': None, 'rw': None, 'rp': None, 'mt': None, 'lb': None, 'sp': None, 'db': None}	None	None	None	None	None	None	None	None	None	None	None	None	None	None	None	None	None	None	None	None	{'rt': None, 'pc': None, 'cdf': None, 'rw': None, 'rp': None, 'mt': None, 'lb': None, 'sp': None, 'db': None}	None	None	{'pc': None, 'cdf': None}	{'rt': None, 'pc': None, 'cdf': None, 'rw': None, 'rp': None, 'mt': None, 'lb': None, 'sp': None, 'db': None}	None	None	{'rt': None, 'pc': None, 'cdf': None, 'rw': None, 'rp': None, 'mt': None, 'lb': None, 'sp': None, 'db': None}	None	None	None	None	None	None	{'pc': None, 'cdf': None}	None	{'rt': None, 'pc': None, 'cdf': None, 'rw': None, 'rp': None, 'mt': None, 'lb': None, 'sp': None, 'db': None}	None	{'rt': None, 'pc': None, 'cdf': None, 'rw': None, 'rp': None, 'mt': None, 'lb': None, 'sp': None, 'db': None}	{'pc': None, 'cdf': None}	None	None	{'rt': None, 'pc': None, 'cdf': None, 'rw': None, 'rp': None, 'mt': None, 'lb': None, 'sp': None, 'db': None}	None	{'rt': None, 'pc': None, 'cdf': None, 'rw': None, 'rp': None, 'mt': None, 'lb': None, 'sp': None, 'db': None}	None	None	None	None	None	{'rt': None, 'pc': None, 'cdf': None, 'rw': None, 'rp': None, 'mt': None, 'lb': None, 'sp': None, 'db': None}	{'rt': None, 'pc': None, 'cdf': None, 'rw': None, 'rp': None, 'mt': None, 'lb': None, 'sp': None, 'db': None}	None	{'pc': None, 'cdf': None}	None	None	None	None	None	None	None	None	None	None	None	{'rt': None, 'pc': None, 'cdf': None, 'rw': None, 'rp': None, 'mt': None, 'lb': None, 'sp': None, 'db': None}	{'pc': None, 'cdf': None}	None	None	{'rt': None, 'pc': None, 'cdf': None, 'rw': None, 'rp': None, 'mt': None, 'lb': None, 'sp': None, 'db': None}	None	{'pc': None, 'cdf': None}	{'rt': None, 'pc': None, 'cdf': None, 'rw': None, 'rp': None, 'mt': None, 'lb': None, 'sp': None, 'db': None}	None	None	None	
8	{'rt': None, 'pc': None, 'cdf': None, 'rw': None, 'rp': None, 'mt': None, 'lb': None, 'sp': None, 'db': None}	None	None	None	None	None	None	None	None	None	None	None	None	None	None	None	None	None	None	None	None	{'rt': None, 'pc': None, 'cdf': None, 'rw': None, 'rp': None, 'mt': None, 'lb': None, 'sp': None, 'db': None}	None	None	{'pc': None, 'cdf': None}	{'rt': None, 'pc': None, 'cdf': None, 'rw': None, 'rp': None, 'mt': None, 'lb': None, 'sp': None, 'db': None}	None	None	{'rt': None, 'pc': None, 'cdf': None, 'rw': None, 'rp': None, 'mt': None, 'lb': None, 'sp': None, 'db': None}	None	None	None	None	None	None	{'pc': None, 'cdf': None}	None	{'rt': None, 'pc': None, 'cdf': None, 'rw': None, 'rp': None, 'mt': None, 'lb': None, 'sp': None, 'db': None}	None	{'rt': None, 'pc': None, 'cdf': None, 'rw': None, 'rp': None, 'mt': None, 'lb': None, 'sp': None, 'db': None}	{'pc': None, 'cdf': None}	None	None	{'rt': None, 'pc': None, 'cdf': None, 'rw': None, 'rp': None, 'mt': None, 'lb': None, 'sp': None, 'db': None}	None	{'rt': None, 'pc': None, 'cdf': None, 'rw': None, 'rp': None, 'mt': None, 'lb': None, 'sp': None, 'db': None}	None	None	None	None	None	{'rt': None, 'pc': None, 'cdf': None, 'rw': None, 'rp': None, 'mt': None, 'lb': None, 'sp': None, 'db': None}	{'rt': None, 'pc': None, 'cdf': None, 'rw': None, 'rp': None, 'mt': None, 'lb': None, 'sp': None, 'db': None}	None	{'pc': None, 'cdf': None}	None	None	None	None	None	None	None	None	None	None	None	{'rt': None, 'pc': None, 'cdf': None, 'rw': None, 'rp': None, 'mt': None, 'lb': None, 'sp': None, 'db': None}	{'pc': None, 'cdf': None}	None	None	{'rt': None, 'pc': None, 'cdf': None, 'rw': None, 'rp': None, 'mt': None, 'lb': None, 'sp': None, 'db': None}	None	{'pc': None, 'cdf': None}	{'rt': None, 'pc': None, 'cdf': None, 'rw': None, 'rp': None, 'mt': None, 'lb': None, 'sp': None, 'db': None}	None	None	None	
812	{'rt': None, 'pc': None, 'cdf': None, 'rw': None, 'rp': None, 'mt': None, 'lb': None, 'sp': None, 'db': None}	None	None	None	None	None	None	None	None	None	None	None	None	None	None	None	None	None	None	None	None	{'rt': None, 'pc': None, 'cdf': None, 'rw': None, 'rp': None, 'mt': None, 'lb': None, 'sp': None, 'db': None}	None	None	{'pc': None, 'cdf': None}	{'rt': None, 'pc': None, 'cdf': None, 'rw': None, 'rp': None, 'mt': None, 'lb': None, 'sp': None, 'db': None}	None	None	{'rt': None, 'pc': None, 'cdf': None, 'rw': None, 'rp': None, 'mt': None, 'lb': None, 'sp': None, 'db': None}	None	None	None	None	None	None	{'pc': None, 'cdf': None}	None	{'rt': None, 'pc': None, 'cdf': None, 'rw': None, 'rp': None, 'mt': None, 'lb': None, 'sp': None, 'db': None}	None	{'rt': None, 'pc': None, 'cdf': None, 'rw': None, 'rp': None, 'mt': None, 'lb': None, 'sp': None, 'db': None}	{'pc': None, 'cdf': None}	None	None	{'rt': None, 'pc': None, 'cdf': None, 'rw': None, 'rp': None, 'mt': None, 'lb': None, 'sp': None, 'db': None}	None	{'rt': None, 'pc': None, 'cdf': None, 'rw': None, 'rp': None, 'mt': None, 'lb': None, 'sp': None, 'db': None}	None	None	None	None	None	{'rt': None, 'pc': None, 'cdf': None, 'rw': None, 'rp': None, 'mt': None, 'lb': None, 'sp': None, 'db': None}	{'rt': None, 'pc': None, 'cdf': None, 'rw': None, 'rp': None, 'mt': None, 'lb': None, 'sp': None, 'db': None}	None	{'pc': None, 'cdf': None}	None	None	None	None	None	None	None	None	None	None	None	{'rt': None, 'pc': None, 'cdf': None, 'rw': None, 'rp': None, 'mt': None, 'lb': None, 'sp': None, 'db': None}	{'pc': None, 'cdf': None}	None	None	{'rt': None, 'pc': None, 'cdf': None, 'rw': None, 'rp': None, 'mt': None, 'lb': None, 'sp': None, 'db': None}	None	{'pc': None, 'cdf': None}	{'rt': None, 'pc': None, 'cdf': None, 'rw': None, 'rp': None, 'mt': None, 'lb': None, 'sp': None, 'db': None}	None	None	None	
1671	{'rt': None, 'pc': None, 'cdf': None, 'rw': None, 'rp': None, 'mt': None, 'lb': None, 'sp': None, 'db': None}	None	None	None	None	None	None	None	None	None	None	None	None	None	None	None	None	None	None	None	None	{'rt': None, 'pc': None, 'cdf': None, 'rw': None, 'rp': None, 'mt': None, 'lb': None, 'sp': None, 'db': None}	None	None	{'pc': None, 'cdf': None}	{'rt': None, 'pc': None, 'cdf': None, 'rw': None, 'rp': None, 'mt': None, 'lb': None, 'sp': None, 'db': None}	None	None	{'rt': None, 'pc': None, 'cdf': None, 'rw': None, 'rp': None, 'mt': None, 'lb': None, 'sp': None, 'db': None}	None	None	None	None	None	None	{'pc': None, 'cdf': None}	None	{'rt': None, 'pc': None, 'cdf': None, 'rw': None, 'rp': None, 'mt': None, 'lb': None, 'sp': None, 'db': None}	None	{'rt': None, 'pc': None, 'cdf': None, 'rw': None, 'rp': None, 'mt': None, 'lb': None, 'sp': None, 'db': None}	{'pc': None, 'cdf': None}	None	None	{'rt': None, 'pc': None, 'cdf': None, 'rw': None, 'rp': None, 'mt': None, 'lb': None, 'sp': None, 'db': None}	None	{'rt': None, 'pc': None, 'cdf': None, 'rw': None, 'rp': None, 'mt': None, 'lb': None, 'sp': None, 'db': None}	None	None	None	None	None	{'rt': None, 'pc': None, 'cdf': None, 'rw': None, 'rp': None, 'mt': None, 'lb': None, 'sp': None, 'db': None}	{'rt': None, 'pc': None, 'cdf': None, 'rw': None, 'rp': None, 'mt': None, 'lb': None, 'sp': None, 'db': None}	None	{'pc': None, 'cdf': None}	None	None	None	None	None	None	None	None	None	None	None	{'rt': None, 'pc': None, 'cdf': None, 'rw': None, 'rp': None, 'mt': None, 'lb': None, 'sp': None, 'db': None}	{'pc': None, 'cdf': None}	None	None	{'rt': None, 'pc': None, 'cdf': None, 'rw': None, 'rp': None, 'mt': None, 'lb': None, 'sp': None, 'db': None}	None	{'pc': None, 'cdf': None}	{'rt': None, 'pc': None, 'cdf': None, 'rw': None, 'rp': None, 'mt': None, 'lb': None, 'sp': None, 'db': None}	None	None	None	
3859	{'rt': None, 'pc': None, 'cdf': None, 'rw': None, 'rp': None, 'mt': None, 'lb': None, 'sp': None, 'db': None}	None	None	None	None	None	None	None	None	None	None	None	None	None	None	None	None	None	None	None	None	{'rt': None, 'pc': None, 'cdf': None, 'rw': None, 'rp': None, 'mt': None, 'lb': None, 'sp': None, 'db': None}	None	None	{'pc': None, 'cdf': None}	{'rt': None, 'pc': None, 'cdf': None, 'rw': None, 'rp': None, 'mt': None, 'lb': None, 'sp': None, 'db': None}	None	None	{'rt': None, 'pc': None, 'cdf': None, 'rw': None, 'rp': None, 'mt': None, 'lb': None, 'sp': None, 'db': None}	None	None	None	None	None	None	{'pc': None, 'cdf': None}	None	{'rt': None, 'pc': None, 'cdf': None, 'rw': None, 'rp': None, 'mt': None, 'lb': None, 'sp': None, 'db': None}	None	{'rt': None, 'pc': None, 'cdf': None, 'rw': None, 'rp': None, 'mt': None, 'lb': None, 'sp': None, 'db': None}	{'pc': None, 'cdf': None}	None	None	{'rt': None, 'pc': None, 'cdf': None, 'rw': None, 'rp': None, 'mt': None, 'lb': None, 'sp': None, 'db': None}	None	{'rt': None, 'pc': None, 'cdf': None, 'rw': None, 'rp': None, 'mt': None, 'lb': None, 'sp': None, 'db': None}	None	None	None	None	None	{'rt': None, 'pc': None, 'cdf': None, 'rw': None, 'rp': None, 'mt': None, 'lb': None, 'sp': None, 'db': None}	{'rt': None, 'pc': None, 'cdf': None, 'rw': None, 'rp': None, 'mt': None, 'lb': None, 'sp': None, 'db': None}	None	{'pc': None, 'cdf': None}	None	None	None	None	None	None	None	None	None	None	None	{'rt': None, 'pc': None, 'cdf': None, 'rw': None, 'rp': None, 'mt': None, 'lb': None, 'sp': None, 'db': None}	{'pc': None, 'cdf': None}	None	None	{'rt': None, 'pc': None, 'cdf': None, 'rw': None, 'rp': None, 'mt': None, 'lb': None, 'sp': None, 'db': None}	None	{'pc': None, 'cdf': None}	{'rt': None, 'pc': None, 'cdf': None, 'rw': None, 'rp': None, 'mt': None, 'lb': None, 'sp': None, 'db': None}	None	None	None	
751	{'rt': None, 'pc': None, 'cdf': None, 'rw': None, 'rp': None, 'mt': None, 'lb': None, 'sp': None, 'db': None}	None	None	None	None	None	None	None	None	None	None	None	None	None	None	None	None	None	None	None	None	{'rt': None, 'pc': None, 'cdf': None, 'rw': None, 'rp': None, 'mt': None, 'lb': None, 'sp': None, 'db': None}	None	None	{'pc': None, 'cdf': None}	{'rt': None, 'pc': None, 'cdf': None, 'rw': None, 'rp': None, 'mt': None, 'lb': None, 'sp': None, 'db': None}	None	None	{'rt': None, 'pc': None, 'cdf': None, 'rw': None, 'rp': None, 'mt': None, 'lb': None, 'sp': None, 'db': None}	None	None	None	None	None	None	{'pc': None, 'cdf': None}	None	{'rt': None, 'pc': None, 'cdf': None, 'rw': None, 'rp': None, 'mt': None, 'lb': None, 'sp': None, 'db': None}	None	{'rt': None, 'pc': None, 'cdf': None, 'rw': None, 'rp': None, 'mt': None, 'lb': None, 'sp': None, 'db': None}	{'pc': None, 'cdf': None}	None	None	{'rt': None, 'pc': None, 'cdf': None, 'rw': None, 'rp': None, 'mt': None, 'lb': None, 'sp': None, 'db': None}	None	{'rt': None, 'pc': None, 'cdf': None, 'rw': None, 'rp': None, 'mt': None, 'lb': None, 'sp': None, 'db': None}	None	None	None	None	None	{'rt': None, 'pc': None, 'cdf': None, 'rw': None, 'rp': None, 'mt': None, 'lb': None, 'sp': None, 'db': None}	{'rt': None, 'pc': None, 'cdf': None, 'rw': None, 'rp': None, 'mt': None, 'lb': None, 'sp': None, 'db': None}	None	{'pc': None, 'cdf': None}	None	None	None	None	None	None	None	None	None	None	None	{'rt': None, 'pc': None, 'cdf': None, 'rw': None, 'rp': None, 'mt': None, 'lb': None, 'sp': None, 'db': None}	{'pc': None, 'cdf': None}	None	None	{'rt': None, 'pc': None, 'cdf': None, 'rw': None, 'rp': None, 'mt': None, 'lb': None, 'sp': None, 'db': None}	None	{'pc': None, 'cdf': None}	{'rt': None, 'pc': None, 'cdf': None, 'rw': None, 'rp': None, 'mt': None, 'lb': None, 'sp': None, 'db': None}	None	None	None	
585	{'rt': None, 'pc': None, 'cdf': None, 'rw': None, 'rp': None, 'mt': None, 'lb': None, 'sp': None, 'db': None}	None	None	None	None	None	None	None	None	None	None	None	None	None	None	None	None	None	None	None	None	{'rt': None, 'pc': None, 'cdf': None, 'rw': None, 'rp': None, 'mt': None, 'lb': None, 'sp': None, 'db': None}	None	None	{'pc': None, 'cdf': None}	{'rt': None, 'pc': None, 'cdf': None, 'rw': None, 'rp': None, 'mt': None, 'lb': None, 'sp': None, 'db': None}	None	None	{'rt': None, 'pc': None, 'cdf': None, 'rw': None, 'rp': None, 'mt': None, 'lb': None, 'sp': None, 'db': None}	None	None	None	None	None	None	{'pc': None, 'cdf': None}	None	{'rt': None, 'pc': None, 'cdf': None, 'rw': None, 'rp': None, 'mt': None, 'lb': None, 'sp': None, 'db': None}	None	{'rt': None, 'pc': None, 'cdf': None, 'rw': None, 'rp': None, 'mt': None, 'lb': None, 'sp': None, 'db': None}	{'pc': None, 'cdf': None}	None	None	{'rt': None, 'pc': None, 'cdf': None, 'rw': None, 'rp': None, 'mt': None, 'lb': None, 'sp': None, 'db': None}	None	{'rt': None, 'pc': None, 'cdf': None, 'rw': None, 'rp': None, 'mt': None, 'lb': None, 'sp': None, 'db': None}	None	None	None	None	None	{'rt': None, 'pc': None, 'cdf': None, 'rw': None, 'rp': None, 'mt': None, 'lb': None, 'sp': None, 'db': None}	{'rt': None, 'pc': None, 'cdf': None, 'rw': None, 'rp': None, 'mt': None, 'lb': None, 'sp': None, 'db': None}	None	{'pc': None, 'cdf': None}	None	None	None	None	None	None	None	None	None	None	None	{'rt': None, 'pc': None, 'cdf': None, 'rw': None, 'rp': None, 'mt': None, 'lb': None, 'sp': None, 'db': None}	{'pc': None, 'cdf': None}	None	None	{'rt': None, 'pc': None, 'cdf': None, 'rw': None, 'rp': None, 'mt': None, 'lb': None, 'sp': None, 'db': None}	None	{'pc': None, 'cdf': None}	{'rt': None, 'pc': None, 'cdf': None, 'rw': None, 'rp': None, 'mt': None, 'lb': None, 'sp': None, 'db': None}	None	None	None	
5852	{'rt': None, 'pc': None, 'cdf': None, 'rw': None, 'rp': None, 'mt': None, 'lb': None, 'sp': None, 'db': None}	None	None	None	None	None	None	None	None	None	None	None	None	None	None	None	None	None	None	None	None	{'rt': None, 'pc': None, 'cdf': None, 'rw': None, 'rp': None, 'mt': None, 'lb': None, 'sp': None, 'db': None}	None	None	{'pc': None, 'cdf': None}	{'rt': None, 'pc': None, 'cdf': None, 'rw': None, 'rp': None, 'mt': None, 'lb': None, 'sp': None, 'db': None}	None	None	{'rt': None, 'pc': None, 'cdf': None, 'rw': None, 'rp': None, 'mt': None, 'lb': None, 'sp': None, 'db': None}	None	None	None	None	None	None	{'pc': None, 'cdf': None}	None	{'rt': None, 'pc': None, 'cdf': None, 'rw': None, 'rp': None, 'mt': None, 'lb': None, 'sp': None, 'db': None}	None	{'rt': None, 'pc': None, 'cdf': None, 'rw': None, 'rp': None, 'mt': None, 'lb': None, 'sp': None, 'db': None}	{'pc': None, 'cdf': None}	None	None	{'rt': None, 'pc': None, 'cdf': None, 'rw': None, 'rp': None, 'mt': None, 'lb': None, 'sp': None, 'db': None}	None	{'rt': None, 'pc': None, 'cdf': None, 'rw': None, 'rp': None, 'mt': None, 'lb': None, 'sp': None, 'db': None}	None	None	None	None	None	{'rt': None, 'pc': None, 'cdf': None, 'rw': None, 'rp': None, 'mt': None, 'lb': None, 'sp': None, 'db': None}	{'rt': None, 'pc': None, 'cdf': None, 'rw': None, 'rp': None, 'mt': None, 'lb': None, 'sp': None, 'db': None}	None	{'pc': None, 'cdf': None}	None	None	None	None	None	None	None	None	None	None	None	{'rt': None, 'pc': None, 'cdf': None, 'rw': None, 'rp': None, 'mt': None, 'lb': None, 'sp': None, 'db': None}	{'pc': None, 'cdf': None}	None	None	{'rt': None, 'pc': None, 'cdf': None, 'rw': None, 'rp': None, 'mt': None, 'lb': None, 'sp': None, 'db': None}	None	{'pc': None, 'cdf': None}	{'rt': None, 'pc': None, 'cdf': None, 'rw': None, 'rp': None, 'mt': None, 'lb': None, 'sp': None, 'db': None}	None	None	None	
2813	{'rt': None, 'pc': None, 'cdf': None, 'rw': None, 'rp': None, 'mt': None, 'lb': None, 'sp': None, 'db': None}	None	None	None	None	None	None	None	None	None	None	None	None	None	None	None	None	None	None	None	None	{'rt': None, 'pc': None, 'cdf': None, 'rw': None, 'rp': None, 'mt': None, 'lb': None, 'sp': None, 'db': None}	None	None	{'pc': None, 'cdf': None}	{'rt': None, 'pc': None, 'cdf': None, 'rw': None, 'rp': None, 'mt': None, 'lb': None, 'sp': None, 'db': None}	None	None	{'rt': None, 'pc': None, 'cdf': None, 'rw': None, 'rp': None, 'mt': None, 'lb': None, 'sp': None, 'db': None}	None	None	None	None	None	None	{'pc': None, 'cdf': None}	None	{'rt': None, 'pc': None, 'cdf': None, 'rw': None, 'rp': None, 'mt': None, 'lb': None, 'sp': None, 'db': None}	None	{'rt': None, 'pc': None, 'cdf': None, 'rw': None, 'rp': None, 'mt': None, 'lb': None, 'sp': None, 'db': None}	{'pc': None, 'cdf': None}	None	None	{'rt': None, 'pc': None, 'cdf': None, 'rw': None, 'rp': None, 'mt': None, 'lb': None, 'sp': None, 'db': None}	None	{'rt': None, 'pc': None, 'cdf': None, 'rw': None, 'rp': None, 'mt': None, 'lb': None, 'sp': None, 'db': None}	None	None	None	None	None	{'rt': None, 'pc': None, 'cdf': None, 'rw': None, 'rp': None, 'mt': None, 'lb': None, 'sp': None, 'db': None}	{'rt': None, 'pc': None, 'cdf': None, 'rw': None, 'rp': None, 'mt': None, 'lb': None, 'sp': None, 'db': None}	None	{'pc': None, 'cdf': None}	None	None	None	None	None	None	None	None	None	None	None	{'rt': None, 'pc': None, 'cdf': None, 'rw': None, 'rp': None, 'mt': None, 'lb': None, 'sp': None, 'db': None}	{'pc': None, 'cdf': None}	None	None	{'rt': None, 'pc': None, 'cdf': None, 'rw': None, 'rp': None, 'mt': None, 'lb': None, 'sp': None, 'db': None}	None	{'pc': None, 'cdf': None}	{'rt': None, 'pc': None, 'cdf': None, 'rw': None, 'rp': None, 'mt': None, 'lb': None, 'sp': None, 'db': None}	None	None	None	
4255	{'rt': None, 'pc': None, 'cdf': None, 'rw': None, 'rp': None, 'mt': None, 'lb': None, 'sp': None, 'db': None}	None	None	None	None	None	None	None	None	None	None	None	None	None	None	None	None	None	None	None	None	{'rt': None, 'pc': None, 'cdf': None, 'rw': None, 'rp': None, 'mt': None, 'lb': None, 'sp': None, 'db': None}	None	None	{'pc': None, 'cdf': None}	{'rt': None, 'pc': None, 'cdf': None, 'rw': None, 'rp': None, 'mt': None, 'lb': None, 'sp': None, 'db': None}	None	None	{'rt': None, 'pc': None, 'cdf': None, 'rw': None, 'rp': None, 'mt': None, 'lb': None, 'sp': None, 'db': None}	None	None	None	None	None	None	{'pc': None, 'cdf': None}	None	{'rt': None, 'pc': None, 'cdf': None, 'rw': None, 'rp': None, 'mt': None, 'lb': None, 'sp': None, 'db': None}	None	{'rt': None, 'pc': None, 'cdf': None, 'rw': None, 'rp': None, 'mt': None, 'lb': None, 'sp': None, 'db': None}	{'pc': None, 'cdf': None}	None	None	{'rt': None, 'pc': None, 'cdf': None, 'rw': None, 'rp': None, 'mt': None, 'lb': None, 'sp': None, 'db': None}	None	{'rt': None, 'pc': None, 'cdf': None, 'rw': None, 'rp': None, 'mt': None, 'lb': None, 'sp': None, 'db': None}	None	None	None	None	None	{'rt': None, 'pc': None, 'cdf': None, 'rw': None, 'rp': None, 'mt': None, 'lb': None, 'sp': None, 'db': None}	{'rt': None, 'pc': None, 'cdf': None, 'rw': None, 'rp': None, 'mt': None, 'lb': None, 'sp': None, 'db': None}	None	{'pc': None, 'cdf': None}	None	None	None	None	None	None	None	None	None	None	None	{'rt': None, 'pc': None, 'cdf': None, 'rw': None, 'rp': None, 'mt': None, 'lb': None, 'sp': None, 'db': None}	{'pc': None, 'cdf': None}	None	None	{'rt': None, 'pc': None, 'cdf': None, 'rw': None, 'rp': None, 'mt': None, 'lb': None, 'sp': None, 'db': None}	None	{'pc': None, 'cdf': None}	{'rt': None, 'pc': None, 'cdf': None, 'rw': None, 'rp': None, 'mt': None, 'lb': None, 'sp': None, 'db': None}	None	None	None	
2761	{'rt': None, 'pc': None, 'cdf': None, 'rw': None, 'rp': None, 'mt': None, 'lb': None, 'sp': None, 'db': None}	None	None	None	None	None	None	None	None	None	None	None	None	None	None	None	None	None	None	None	None	{'rt': None, 'pc': None, 'cdf': None, 'rw': None, 'rp': None, 'mt': None, 'lb': None, 'sp': None, 'db': None}	None	None	{'pc': None, 'cdf': None}	{'rt': None, 'pc': None, 'cdf': None, 'rw': None, 'rp': None, 'mt': None, 'lb': None, 'sp': None, 'db': None}	None	None	{'rt': None, 'pc': None, 'cdf': None, 'rw': None, 'rp': None, 'mt': None, 'lb': None, 'sp': None, 'db': None}	None	None	None	None	None	None	{'pc': None, 'cdf': None}	None	{'rt': None, 'pc': None, 'cdf': None, 'rw': None, 'rp': None, 'mt': None, 'lb': None, 'sp': None, 'db': None}	None	{'rt': None, 'pc': None, 'cdf': None, 'rw': None, 'rp': None, 'mt': None, 'lb': None, 'sp': None, 'db': None}	{'pc': None, 'cdf': None}	None	None	{'rt': None, 'pc': None, 'cdf': None, 'rw': None, 'rp': None, 'mt': None, 'lb': None, 'sp': None, 'db': None}	None	{'rt': None, 'pc': None, 'cdf': None, 'rw': None, 'rp': None, 'mt': None, 'lb': None, 'sp': None, 'db': None}	None	None	None	None	None	{'rt': None, 'pc': None, 'cdf': None, 'rw': None, 'rp': None, 'mt': None, 'lb': None, 'sp': None, 'db': None}	{'rt': None, 'pc': None, 'cdf': None, 'rw': None, 'rp': None, 'mt': None, 'lb': None, 'sp': None, 'db': None}	None	{'pc': None, 'cdf': None}	None	None	None	None	None	None	None	None	None	None	None	{'rt': None, 'pc': None, 'cdf': None, 'rw': None, 'rp': None, 'mt': None, 'lb': None, 'sp': None, 'db': None}	{'pc': None, 'cdf': None}	None	None	{'rt': None, 'pc': None, 'cdf': None, 'rw': None, 'rp': None, 'mt': None, 'lb': None, 'sp': None, 'db': None}	None	{'pc': None, 'cdf': None}	{'rt': None, 'pc': None, 'cdf': None, 'rw': None, 'rp': None, 'mt': None, 'lb': None, 'sp': None, 'db': None}	None	None	None	
2643	{'rt': None, 'pc': None, 'cdf': None, 'rw': None, 'rp': None, 'mt': None, 'lb': None, 'sp': None, 'db': None}	None	None	None	None	None	None	None	None	None	None	None	None	None	None	None	None	None	None	None	None	{'rt': None, 'pc': None, 'cdf': None, 'rw': None, 'rp': None, 'mt': None, 'lb': None, 'sp': None, 'db': None}	None	None	{'pc': None, 'cdf': None}	{'rt': None, 'pc': None, 'cdf': None, 'rw': None, 'rp': None, 'mt': None, 'lb': None, 'sp': None, 'db': None}	None	None	{'rt': None, 'pc': None, 'cdf': None, 'rw': None, 'rp': None, 'mt': None, 'lb': None, 'sp': None, 'db': None}	None	None	None	None	None	None	{'pc': None, 'cdf': None}	None	{'rt': None, 'pc': None, 'cdf': None, 'rw': None, 'rp': None, 'mt': None, 'lb': None, 'sp': None, 'db': None}	None	{'rt': None, 'pc': None, 'cdf': None, 'rw': None, 'rp': None, 'mt': None, 'lb': None, 'sp': None, 'db': None}	{'pc': None, 'cdf': None}	None	None	{'rt': None, 'pc': None, 'cdf': None, 'rw': None, 'rp': None, 'mt': None, 'lb': None, 'sp': None, 'db': None}	None	{'rt': None, 'pc': None, 'cdf': None, 'rw': None, 'rp': None, 'mt': None, 'lb': None, 'sp': None, 'db': None}	None	None	None	None	None	{'rt': None, 'pc': None, 'cdf': None, 'rw': None, 'rp': None, 'mt': None, 'lb': None, 'sp': None, 'db': None}	{'rt': None, 'pc': None, 'cdf': None, 'rw': None, 'rp': None, 'mt': None, 'lb': None, 'sp': None, 'db': None}	None	{'pc': None, 'cdf': None}	None	None	None	None	None	None	None	None	None	None	None	{'rt': None, 'pc': None, 'cdf': None, 'rw': None, 'rp': None, 'mt': None, 'lb': None, 'sp': None, 'db': None}	{'pc': None, 'cdf': None}	None	None	{'rt': None, 'pc': None, 'cdf': None, 'rw': None, 'rp': None, 'mt': None, 'lb': None, 'sp': None, 'db': None}	None	{'pc': None, 'cdf': None}	{'rt': None, 'pc': None, 'cdf': None, 'rw': None, 'rp': None, 'mt': None, 'lb': None, 'sp': None, 'db': None}	None	None	None	
670	{'rt': None, 'pc': None, 'cdf': None, 'rw': None, 'rp': None, 'mt': None, 'lb': None, 'sp': None, 'db': None}	None	None	None	None	None	None	None	None	None	None	None	None	None	None	None	None	None	None	None	None	{'rt': None, 'pc': None, 'cdf': None, 'rw': None, 'rp': None, 'mt': None, 'lb': None, 'sp': None, 'db': None}	None	None	{'pc': None, 'cdf': None}	{'rt': None, 'pc': None, 'cdf': None, 'rw': None, 'rp': None, 'mt': None, 'lb': None, 'sp': None, 'db': None}	None	None	{'rt': None, 'pc': None, 'cdf': None, 'rw': None, 'rp': None, 'mt': None, 'lb': None, 'sp': None, 'db': None}	None	None	None	None	None	None	{'pc': None, 'cdf': None}	None	{'rt': None, 'pc': None, 'cdf': None, 'rw': None, 'rp': None, 'mt': None, 'lb': None, 'sp': None, 'db': None}	None	{'rt': None, 'pc': None, 'cdf': None, 'rw': None, 'rp': None, 'mt': None, 'lb': None, 'sp': None, 'db': None}	{'pc': None, 'cdf': None}	None	None	{'rt': None, 'pc': None, 'cdf': None, 'rw': None, 'rp': None, 'mt': None, 'lb': None, 'sp': None, 'db': None}	None	{'rt': None, 'pc': None, 'cdf': None, 'rw': None, 'rp': None, 'mt': None, 'lb': None, 'sp': None, 'db': None}	None	None	None	None	None	{'rt': None, 'pc': None, 'cdf': None, 'rw': None, 'rp': None, 'mt': None, 'lb': None, 'sp': None, 'db': None}	{'rt': None, 'pc': None, 'cdf': None, 'rw': None, 'rp': None, 'mt': None, 'lb': None, 'sp': None, 'db': None}	None	{'pc': None, 'cdf': None}	None	None	None	None	None	None	None	None	None	None	None	{'rt': None, 'pc': None, 'cdf': None, 'rw': None, 'rp': None, 'mt': None, 'lb': None, 'sp': None, 'db': None}	{'pc': None, 'cdf': None}	None	None	{'rt': None, 'pc': None, 'cdf': None, 'rw': None, 'rp': None, 'mt': None, 'lb': None, 'sp': None, 'db': None}	None	{'pc': None, 'cdf': None}	{'rt': None, 'pc': None, 'cdf': None, 'rw': None, 'rp': None, 'mt': None, 'lb': None, 'sp': None, 'db': None}	None	None	None	
2135	{'rt': None, 'pc': None, 'cdf': None, 'rw': None, 'rp': None, 'mt': None, 'lb': None, 'sp': None, 'db': None}	None	None	None	None	None	None	None	None	None	None	None	None	None	None	None	None	None	None	None	None	{'rt': None, 'pc': None, 'cdf': None, 'rw': None, 'rp': None, 'mt': None, 'lb': None, 'sp': None, 'db': None}	None	None	{'pc': None, 'cdf': None}	{'rt': None, 'pc': None, 'cdf': None, 'rw': None, 'rp': None, 'mt': None, 'lb': None, 'sp': None, 'db': None}	None	None	{'rt': None, 'pc': None, 'cdf': None, 'rw': None, 'rp': None, 'mt': None, 'lb': None, 'sp': None, 'db': None}	None	None	None	None	None	None	{'pc': None, 'cdf': None}	None	{'rt': None, 'pc': None, 'cdf': None, 'rw': None, 'rp': None, 'mt': None, 'lb': None, 'sp': None, 'db': None}	None	{'rt': None, 'pc': None, 'cdf': None, 'rw': None, 'rp': None, 'mt': None, 'lb': None, 'sp': None, 'db': None}	{'pc': None, 'cdf': None}	None	None	{'rt': None, 'pc': None, 'cdf': None, 'rw': None, 'rp': None, 'mt': None, 'lb': None, 'sp': None, 'db': None}	None	{'rt': None, 'pc': None, 'cdf': None, 'rw': None, 'rp': None, 'mt': None, 'lb': None, 'sp': None, 'db': None}	None	None	None	None	None	{'rt': None, 'pc': None, 'cdf': None, 'rw': None, 'rp': None, 'mt': None, 'lb': None, 'sp': None, 'db': None}	{'rt': None, 'pc': None, 'cdf': None, 'rw': None, 'rp': None, 'mt': None, 'lb': None, 'sp': None, 'db': None}	None	{'pc': None, 'cdf': None}	None	None	None	None	None	None	None	None	None	None	None	{'rt': None, 'pc': None, 'cdf': None, 'rw': None, 'rp': None, 'mt': None, 'lb': None, 'sp': None, 'db': None}	{'pc': None, 'cdf': None}	None	None	{'rt': None, 'pc': None, 'cdf': None, 'rw': None, 'rp': None, 'mt': None, 'lb': None, 'sp': None, 'db': None}	None	{'pc': None, 'cdf': None}	{'rt': None, 'pc': None, 'cdf': None, 'rw': None, 'rp': None, 'mt': None, 'lb': None, 'sp': None, 'db': None}	None	None	None	
5677	{'rt': None, 'pc': None, 'cdf': None, 'rw': None, 'rp': None, 'mt': None, 'lb': None, 'sp': None, 'db': None}	None	None	None	None	None	None	None	None	None	None	None	None	None	None	None	None	None	None	None	None	{'rt': None, 'pc': None, 'cdf': None, 'rw': None, 'rp': None, 'mt': None, 'lb': None, 'sp': None, 'db': None}	None	None	{'pc': None, 'cdf': None}	{'rt': None, 'pc': None, 'cdf': None, 'rw': None, 'rp': None, 'mt': None, 'lb': None, 'sp': None, 'db': None}	None	None	{'rt': None, 'pc': None, 'cdf': None, 'rw': None, 'rp': None, 'mt': None, 'lb': None, 'sp': None, 'db': None}	None	None	None	None	None	None	{'pc': None, 'cdf': None}	None	{'rt': None, 'pc': None, 'cdf': None, 'rw': None, 'rp': None, 'mt': None, 'lb': None, 'sp': None, 'db': None}	None	{'rt': None, 'pc': None, 'cdf': None, 'rw': None, 'rp': None, 'mt': None, 'lb': None, 'sp': None, 'db': None}	{'pc': None, 'cdf': None}	None	None	{'rt': None, 'pc': None, 'cdf': None, 'rw': None, 'rp': None, 'mt': None, 'lb': None, 'sp': None, 'db': None}	None	{'rt': None, 'pc': None, 'cdf': None, 'rw': None, 'rp': None, 'mt': None, 'lb': None, 'sp': None, 'db': None}	None	None	None	None	None	{'rt': None, 'pc': None, 'cdf': None, 'rw': None, 'rp': None, 'mt': None, 'lb': None, 'sp': None, 'db': None}	{'rt': None, 'pc': None, 'cdf': None, 'rw': None, 'rp': None, 'mt': None, 'lb': None, 'sp': None, 'db': None}	None	{'pc': None, 'cdf': None}	None	None	None	None	None	None	None	None	None	None	None	{'rt': None, 'pc': None, 'cdf': None, 'rw': None, 'rp': None, 'mt': None, 'lb': None, 'sp': None, 'db': None}	{'pc': None, 'cdf': None}	None	None	{'rt': None, 'pc': None, 'cdf': None, 'rw': None, 'rp': None, 'mt': None, 'lb': None, 'sp': None, 'db': None}	None	{'pc': None, 'cdf': None}	{'rt': None, 'pc': None, 'cdf': None, 'rw': None, 'rp': None, 'mt': None, 'lb': None, 'sp': None, 'db': None}	None	None	None	
4543	{'rt': None, 'pc': None, 'cdf': None, 'rw': None, 'rp': None, 'mt': None, 'lb': None, 'sp': None, 'db': None}	None	None	None	None	None	None	None	None	None	None	None	None	None	None	None	None	None	None	None	None	{'rt': None, 'pc': None, 'cdf': None, 'rw': None, 'rp': None, 'mt': None, 'lb': None, 'sp': None, 'db': None}	None	None	{'pc': None, 'cdf': None}	{'rt': None, 'pc': None, 'cdf': None, 'rw': None, 'rp': None, 'mt': None, 'lb': None, 'sp': None, 'db': None}	None	None	{'rt': None, 'pc': None, 'cdf': None, 'rw': None, 'rp': None, 'mt': None, 'lb': None, 'sp': None, 'db': None}	None	None	None	None	None	None	{'pc': None, 'cdf': None}	None	{'rt': None, 'pc': None, 'cdf': None, 'rw': None, 'rp': None, 'mt': None, 'lb': None, 'sp': None, 'db': None}	None	{'rt': None, 'pc': None, 'cdf': None, 'rw': None, 'rp': None, 'mt': None, 'lb': None, 'sp': None, 'db': None}	{'pc': None, 'cdf': None}	None	None	{'rt': None, 'pc': None, 'cdf': None, 'rw': None, 'rp': None, 'mt': None, 'lb': None, 'sp': None, 'db': None}	None	{'rt': None, 'pc': None, 'cdf': None, 'rw': None, 'rp': None, 'mt': None, 'lb': None, 'sp': None, 'db': None}	None	None	None	None	None	{'rt': None, 'pc': None, 'cdf': None, 'rw': None, 'rp': None, 'mt': None, 'lb': None, 'sp': None, 'db': None}	{'rt': None, 'pc': None, 'cdf': None, 'rw': None, 'rp': None, 'mt': None, 'lb': None, 'sp': None, 'db': None}	None	{'pc': None, 'cdf': None}	None	None	None	None	None	None	None	None	None	None	None	{'rt': None, 'pc': None, 'cdf': None, 'rw': None, 'rp': None, 'mt': None, 'lb': None, 'sp': None, 'db': None}	{'pc': None, 'cdf': None}	None	None	{'rt': None, 'pc': None, 'cdf': None, 'rw': None, 'rp': None, 'mt': None, 'lb': None, 'sp': None, 'db': None}	None	{'pc': None, 'cdf': None}	{'rt': None, 'pc': None, 'cdf': None, 'rw': None, 'rp': None, 'mt': None, 'lb': None, 'sp': None, 'db': None}	None	None	None	
5104	1.25617434649	0.0	0.0	0	0.0	{'pc': None, 'cdf': None}	0	2.0	0.0	{'pc': None, 'cdf': None}	{'rp': 0.0, 'cdf': 0.0, 'rw': 0.0, 'lb': 0.0, 'sp': 0.0}	3.0	0.0	{'rp': 0.0, 'cdf': 0.0, 'rw': 0.0, 'lb': 0.0, 'sp': 0.0}	0.0	8.84918909983	{'rt': 0, 'cdf': 0.0, 'rw': 0.0, 'lb': 0.0, 'mt': 0, 'sp': 0.0, 'db': 0, 'pc': 0, 'rp': 0.0}	0.0	2.0	0.0	{'rp': 0.0, 'cdf': 0.0, 'rw': 0.0, 'lb': 0.0, 'sp': 0.0}	0.0	0.0	5	0.0	0.0	2	0.0	None	{'rp': 0.0, 'cdf': 0.0, 'rw': 0.0, 'lb': 0.0, 'sp': 0.0}	0.0	{'cdf': 0.0}	0.0	1.22474487139	0.0	{'rt': None, 'pc': None, 'cdf': None, 'rw': None, 'rp': None, 'mt': None, 'lb': None, 'sp': None, 'db': None}	{'pc': None, 'cdf': None}	3.0	0.0	0.0	{'rt': None, 'pc': None, 'cdf': None, 'rw': None, 'rp': None, 'mt': None, 'lb': None, 'sp': None, 'db': None}	3.0	1.22474487139	0.0	3.0	0.0	2.0	0.0	0.0	1.22474487139	0.0	0.0	{'rp': 0.0, 'cdf': 0.0, 'rw': 0.0, 'lb': 0.0, 'sp': 0.0}	0.0	0.0	{'cdf': 0.0}	3.0	{'rt': None, 'pc': None, 'cdf': None, 'rw': None, 'rp': None, 'mt': None, 'lb': None, 'sp': None, 'db': None}	4.83333333333	0.0	0.0	0	{'rp': 0.0, 'cdf': 0.0, 'rw': 0.0, 'lb': 0.0, 'sp': 0.0}	{'cdf': 0.0}	0.0	0.0	None	1.22474487139	0.5	0.0	0.0	3.0	1.0	3.0	{'rp': 0.0, 'cdf': 0.0, 'rw': 0.0, 'lb': 0.0, 'sp': 0.0}	0.0	{'rp': 0.0, 'cdf': 0.0, 'rw': 0.0, 'lb': 0.0, 'sp': 0.0}	{'rp': 0.0, 'cdf': 0.0, 'rw': 0.0, 'lb': 0.0, 'sp': 0.0}	{'rt': None, 'pc': None, 'cdf': None, 'rw': None, 'rp': None, 'mt': None, 'lb': None, 'sp': None, 'db': None}	0.0	
4711	{'rt': None, 'pc': None, 'cdf': None, 'rw': None, 'rp': None, 'mt': None, 'lb': None, 'sp': None, 'db': None}	None	None	None	None	None	None	None	None	None	None	None	None	None	None	None	None	None	None	None	None	{'rt': None, 'pc': None, 'cdf': None, 'rw': None, 'rp': None, 'mt': None, 'lb': None, 'sp': None, 'db': None}	None	None	{'pc': None, 'cdf': None}	{'rt': None, 'pc': None, 'cdf': None, 'rw': None, 'rp': None, 'mt': None, 'lb': None, 'sp': None, 'db': None}	None	None	{'rt': None, 'pc': None, 'cdf': None, 'rw': None, 'rp': None, 'mt': None, 'lb': None, 'sp': None, 'db': None}	None	None	None	None	None	None	{'pc': None, 'cdf': None}	None	{'rt': None, 'pc': None, 'cdf': None, 'rw': None, 'rp': None, 'mt': None, 'lb': None, 'sp': None, 'db': None}	None	{'rt': None, 'pc': None, 'cdf': None, 'rw': None, 'rp': None, 'mt': None, 'lb': None, 'sp': None, 'db': None}	{'pc': None, 'cdf': None}	None	None	{'rt': None, 'pc': None, 'cdf': None, 'rw': None, 'rp': None, 'mt': None, 'lb': None, 'sp': None, 'db': None}	None	{'rt': None, 'pc': None, 'cdf': None, 'rw': None, 'rp': None, 'mt': None, 'lb': None, 'sp': None, 'db': None}	None	None	None	None	None	{'rt': None, 'pc': None, 'cdf': None, 'rw': None, 'rp': None, 'mt': None, 'lb': None, 'sp': None, 'db': None}	{'rt': None, 'pc': None, 'cdf': None, 'rw': None, 'rp': None, 'mt': None, 'lb': None, 'sp': None, 'db': None}	None	{'pc': None, 'cdf': None}	None	None	None	None	None	None	None	None	None	None	None	{'rt': None, 'pc': None, 'cdf': None, 'rw': None, 'rp': None, 'mt': None, 'lb': None, 'sp': None, 'db': None}	{'pc': None, 'cdf': None}	None	None	{'rt': None, 'pc': None, 'cdf': None, 'rw': None, 'rp': None, 'mt': None, 'lb': None, 'sp': None, 'db': None}	None	{'pc': None, 'cdf': None}	{'rt': None, 'pc': None, 'cdf': None, 'rw': None, 'rp': None, 'mt': None, 'lb': None, 'sp': None, 'db': None}	None	None	None	
4171	{'rt': None, 'pc': None, 'cdf': None, 'rw': None, 'rp': None, 'mt': None, 'lb': None, 'sp': None, 'db': None}	None	None	None	None	None	None	None	None	None	None	None	None	None	None	None	None	None	None	None	None	{'rt': None, 'pc': None, 'cdf': None, 'rw': None, 'rp': None, 'mt': None, 'lb': None, 'sp': None, 'db': None}	None	None	{'pc': None, 'cdf': None}	{'rt': None, 'pc': None, 'cdf': None, 'rw': None, 'rp': None, 'mt': None, 'lb': None, 'sp': None, 'db': None}	None	None	{'rt': None, 'pc': None, 'cdf': None, 'rw': None, 'rp': None, 'mt': None, 'lb': None, 'sp': None, 'db': None}	None	None	None	None	None	None	{'pc': None, 'cdf': None}	None	{'rt': None, 'pc': None, 'cdf': None, 'rw': None, 'rp': None, 'mt': None, 'lb': None, 'sp': None, 'db': None}	None	{'rt': None, 'pc': None, 'cdf': None, 'rw': None, 'rp': None, 'mt': None, 'lb': None, 'sp': None, 'db': None}	{'pc': None, 'cdf': None}	None	None	{'rt': None, 'pc': None, 'cdf': None, 'rw': None, 'rp': None, 'mt': None, 'lb': None, 'sp': None, 'db': None}	None	{'rt': None, 'pc': None, 'cdf': None, 'rw': None, 'rp': None, 'mt': None, 'lb': None, 'sp': None, 'db': None}	None	None	None	None	None	{'rt': None, 'pc': None, 'cdf': None, 'rw': None, 'rp': None, 'mt': None, 'lb': None, 'sp': None, 'db': None}	{'rt': None, 'pc': None, 'cdf': None, 'rw': None, 'rp': None, 'mt': None, 'lb': None, 'sp': None, 'db': None}	None	{'pc': None, 'cdf': None}	None	None	None	None	None	None	None	None	None	None	None	{'rt': None, 'pc': None, 'cdf': None, 'rw': None, 'rp': None, 'mt': None, 'lb': None, 'sp': None, 'db': None}	{'pc': None, 'cdf': None}	None	None	{'rt': None, 'pc': None, 'cdf': None, 'rw': None, 'rp': None, 'mt': None, 'lb': None, 'sp': None, 'db': None}	None	{'pc': None, 'cdf': None}	{'rt': None, 'pc': None, 'cdf': None, 'rw': None, 'rp': None, 'mt': None, 'lb': None, 'sp': None, 'db': None}	None	None	None	
3482	{'rt': None, 'pc': None, 'cdf': None, 'rw': None, 'rp': None, 'mt': None, 'lb': None, 'sp': None, 'db': None}	None	None	None	None	None	None	None	None	None	None	None	None	None	None	None	None	None	None	None	None	{'rt': None, 'pc': None, 'cdf': None, 'rw': None, 'rp': None, 'mt': None, 'lb': None, 'sp': None, 'db': None}	None	None	{'pc': None, 'cdf': None}	{'rt': None, 'pc': None, 'cdf': None, 'rw': None, 'rp': None, 'mt': None, 'lb': None, 'sp': None, 'db': None}	None	None	{'rt': None, 'pc': None, 'cdf': None, 'rw': None, 'rp': None, 'mt': None, 'lb': None, 'sp': None, 'db': None}	None	None	None	None	None	None	{'pc': None, 'cdf': None}	None	{'rt': None, 'pc': None, 'cdf': None, 'rw': None, 'rp': None, 'mt': None, 'lb': None, 'sp': None, 'db': None}	None	{'rt': None, 'pc': None, 'cdf': None, 'rw': None, 'rp': None, 'mt': None, 'lb': None, 'sp': None, 'db': None}	{'pc': None, 'cdf': None}	None	None	{'rt': None, 'pc': None, 'cdf': None, 'rw': None, 'rp': None, 'mt': None, 'lb': None, 'sp': None, 'db': None}	None	{'rt': None, 'pc': None, 'cdf': None, 'rw': None, 'rp': None, 'mt': None, 'lb': None, 'sp': None, 'db': None}	None	None	None	None	None	{'rt': None, 'pc': None, 'cdf': None, 'rw': None, 'rp': None, 'mt': None, 'lb': None, 'sp': None, 'db': None}	{'rt': None, 'pc': None, 'cdf': None, 'rw': None, 'rp': None, 'mt': None, 'lb': None, 'sp': None, 'db': None}	None	{'pc': None, 'cdf': None}	None	None	None	None	None	None	None	None	None	None	None	{'rt': None, 'pc': None, 'cdf': None, 'rw': None, 'rp': None, 'mt': None, 'lb': None, 'sp': None, 'db': None}	{'pc': None, 'cdf': None}	None	None	{'rt': None, 'pc': None, 'cdf': None, 'rw': None, 'rp': None, 'mt': None, 'lb': None, 'sp': None, 'db': None}	None	{'pc': None, 'cdf': None}	{'rt': None, 'pc': None, 'cdf': None, 'rw': None, 'rp': None, 'mt': None, 'lb': None, 'sp': None, 'db': None}	None	None	None	
3501	{'rt': None, 'pc': None, 'cdf': None, 'rw': None, 'rp': None, 'mt': None, 'lb': None, 'sp': None, 'db': None}	None	None	None	None	None	None	None	None	None	None	None	None	None	None	None	None	None	None	None	None	{'rt': None, 'pc': None, 'cdf': None, 'rw': None, 'rp': None, 'mt': None, 'lb': None, 'sp': None, 'db': None}	None	None	{'pc': None, 'cdf': None}	{'rt': None, 'pc': None, 'cdf': None, 'rw': None, 'rp': None, 'mt': None, 'lb': None, 'sp': None, 'db': None}	None	None	{'rt': None, 'pc': None, 'cdf': None, 'rw': None, 'rp': None, 'mt': None, 'lb': None, 'sp': None, 'db': None}	None	None	None	None	None	None	{'pc': None, 'cdf': None}	None	{'rt': None, 'pc': None, 'cdf': None, 'rw': None, 'rp': None, 'mt': None, 'lb': None, 'sp': None, 'db': None}	None	{'rt': None, 'pc': None, 'cdf': None, 'rw': None, 'rp': None, 'mt': None, 'lb': None, 'sp': None, 'db': None}	{'pc': None, 'cdf': None}	None	None	{'rt': None, 'pc': None, 'cdf': None, 'rw': None, 'rp': None, 'mt': None, 'lb': None, 'sp': None, 'db': None}	None	{'rt': None, 'pc': None, 'cdf': None, 'rw': None, 'rp': None, 'mt': None, 'lb': None, 'sp': None, 'db': None}	None	None	None	None	None	{'rt': None, 'pc': None, 'cdf': None, 'rw': None, 'rp': None, 'mt': None, 'lb': None, 'sp': None, 'db': None}	{'rt': None, 'pc': None, 'cdf': None, 'rw': None, 'rp': None, 'mt': None, 'lb': None, 'sp': None, 'db': None}	None	{'pc': None, 'cdf': None}	None	None	None	None	None	None	None	None	None	None	None	{'rt': None, 'pc': None, 'cdf': None, 'rw': None, 'rp': None, 'mt': None, 'lb': None, 'sp': None, 'db': None}	{'pc': None, 'cdf': None}	None	None	{'rt': None, 'pc': None, 'cdf': None, 'rw': None, 'rp': None, 'mt': None, 'lb': None, 'sp': None, 'db': None}	None	{'pc': None, 'cdf': None}	{'rt': None, 'pc': None, 'cdf': None, 'rw': None, 'rp': None, 'mt': None, 'lb': None, 'sp': None, 'db': None}	None	None	None	
4135	{'rt': None, 'pc': None, 'cdf': None, 'rw': None, 'rp': None, 'mt': None, 'lb': None, 'sp': None, 'db': None}	None	None	None	None	None	None	None	None	None	None	None	None	None	None	None	None	None	None	None	None	{'rt': None, 'pc': None, 'cdf': None, 'rw': None, 'rp': None, 'mt': None, 'lb': None, 'sp': None, 'db': None}	None	None	{'pc': None, 'cdf': None}	{'rt': None, 'pc': None, 'cdf': None, 'rw': None, 'rp': None, 'mt': None, 'lb': None, 'sp': None, 'db': None}	None	None	{'rt': None, 'pc': None, 'cdf': None, 'rw': None, 'rp': None, 'mt': None, 'lb': None, 'sp': None, 'db': None}	None	None	None	None	None	None	{'pc': None, 'cdf': None}	None	{'rt': None, 'pc': None, 'cdf': None, 'rw': None, 'rp': None, 'mt': None, 'lb': None, 'sp': None, 'db': None}	None	{'rt': None, 'pc': None, 'cdf': None, 'rw': None, 'rp': None, 'mt': None, 'lb': None, 'sp': None, 'db': None}	{'pc': None, 'cdf': None}	None	None	{'rt': None, 'pc': None, 'cdf': None, 'rw': None, 'rp': None, 'mt': None, 'lb': None, 'sp': None, 'db': None}	None	{'rt': None, 'pc': None, 'cdf': None, 'rw': None, 'rp': None, 'mt': None, 'lb': None, 'sp': None, 'db': None}	None	None	None	None	None	{'rt': None, 'pc': None, 'cdf': None, 'rw': None, 'rp': None, 'mt': None, 'lb': None, 'sp': None, 'db': None}	{'rt': None, 'pc': None, 'cdf': None, 'rw': None, 'rp': None, 'mt': None, 'lb': None, 'sp': None, 'db': None}	None	{'pc': None, 'cdf': None}	None	None	None	None	None	None	None	None	None	None	None	{'rt': None, 'pc': None, 'cdf': None, 'rw': None, 'rp': None, 'mt': None, 'lb': None, 'sp': None, 'db': None}	{'pc': None, 'cdf': None}	None	None	{'rt': None, 'pc': None, 'cdf': None, 'rw': None, 'rp': None, 'mt': None, 'lb': None, 'sp': None, 'db': None}	None	{'pc': None, 'cdf': None}	{'rt': None, 'pc': None, 'cdf': None, 'rw': None, 'rp': None, 'mt': None, 'lb': None, 'sp': None, 'db': None}	None	None	None	
3189	{'rt': None, 'pc': None, 'cdf': None, 'rw': None, 'rp': None, 'mt': None, 'lb': None, 'sp': None, 'db': None}	None	None	None	None	None	None	None	None	None	None	None	None	None	None	None	None	None	None	None	None	{'rt': None, 'pc': None, 'cdf': None, 'rw': None, 'rp': None, 'mt': None, 'lb': None, 'sp': None, 'db': None}	None	None	{'pc': None, 'cdf': None}	{'rt': None, 'pc': None, 'cdf': None, 'rw': None, 'rp': None, 'mt': None, 'lb': None, 'sp': None, 'db': None}	None	None	{'rt': None, 'pc': None, 'cdf': None, 'rw': None, 'rp': None, 'mt': None, 'lb': None, 'sp': None, 'db': None}	None	None	None	None	None	None	{'pc': None, 'cdf': None}	None	{'rt': None, 'pc': None, 'cdf': None, 'rw': None, 'rp': None, 'mt': None, 'lb': None, 'sp': None, 'db': None}	None	{'rt': None, 'pc': None, 'cdf': None, 'rw': None, 'rp': None, 'mt': None, 'lb': None, 'sp': None, 'db': None}	{'pc': None, 'cdf': None}	None	None	{'rt': None, 'pc': None, 'cdf': None, 'rw': None, 'rp': None, 'mt': None, 'lb': None, 'sp': None, 'db': None}	None	{'rt': None, 'pc': None, 'cdf': None, 'rw': None, 'rp': None, 'mt': None, 'lb': None, 'sp': None, 'db': None}	None	None	None	None	None	{'rt': None, 'pc': None, 'cdf': None, 'rw': None, 'rp': None, 'mt': None, 'lb': None, 'sp': None, 'db': None}	{'rt': None, 'pc': None, 'cdf': None, 'rw': None, 'rp': None, 'mt': None, 'lb': None, 'sp': None, 'db': None}	None	{'pc': None, 'cdf': None}	None	None	None	None	None	None	None	None	None	None	None	{'rt': None, 'pc': None, 'cdf': None, 'rw': None, 'rp': None, 'mt': None, 'lb': None, 'sp': None, 'db': None}	{'pc': None, 'cdf': None}	None	None	{'rt': None, 'pc': None, 'cdf': None, 'rw': None, 'rp': None, 'mt': None, 'lb': None, 'sp': None, 'db': None}	None	{'pc': None, 'cdf': None}	{'rt': None, 'pc': None, 'cdf': None, 'rw': None, 'rp': None, 'mt': None, 'lb': None, 'sp': None, 'db': None}	None	None	None	
6059	{'rt': None, 'pc': None, 'cdf': None, 'rw': None, 'rp': None, 'mt': None, 'lb': None, 'sp': None, 'db': None}	None	None	None	None	None	None	None	None	None	None	None	None	None	None	None	None	None	None	None	None	{'rt': None, 'pc': None, 'cdf': None, 'rw': None, 'rp': None, 'mt': None, 'lb': None, 'sp': None, 'db': None}	None	None	{'pc': None, 'cdf': None}	{'rt': None, 'pc': None, 'cdf': None, 'rw': None, 'rp': None, 'mt': None, 'lb': None, 'sp': None, 'db': None}	None	None	{'rt': None, 'pc': None, 'cdf': None, 'rw': None, 'rp': None, 'mt': None, 'lb': None, 'sp': None, 'db': None}	None	None	None	None	None	None	{'pc': None, 'cdf': None}	None	{'rt': None, 'pc': None, 'cdf': None, 'rw': None, 'rp': None, 'mt': None, 'lb': None, 'sp': None, 'db': None}	None	{'rt': None, 'pc': None, 'cdf': None, 'rw': None, 'rp': None, 'mt': None, 'lb': None, 'sp': None, 'db': None}	{'pc': None, 'cdf': None}	None	None	{'rt': None, 'pc': None, 'cdf': None, 'rw': None, 'rp': None, 'mt': None, 'lb': None, 'sp': None, 'db': None}	None	{'rt': None, 'pc': None, 'cdf': None, 'rw': None, 'rp': None, 'mt': None, 'lb': None, 'sp': None, 'db': None}	None	None	None	None	None	{'rt': None, 'pc': None, 'cdf': None, 'rw': None, 'rp': None, 'mt': None, 'lb': None, 'sp': None, 'db': None}	{'rt': None, 'pc': None, 'cdf': None, 'rw': None, 'rp': None, 'mt': None, 'lb': None, 'sp': None, 'db': None}	None	{'pc': None, 'cdf': None}	None	None	None	None	None	None	None	None	None	None	None	{'rt': None, 'pc': None, 'cdf': None, 'rw': None, 'rp': None, 'mt': None, 'lb': None, 'sp': None, 'db': None}	{'pc': None, 'cdf': None}	None	None	{'rt': None, 'pc': None, 'cdf': None, 'rw': None, 'rp': None, 'mt': None, 'lb': None, 'sp': None, 'db': None}	None	{'pc': None, 'cdf': None}	{'rt': None, 'pc': None, 'cdf': None, 'rw': None, 'rp': None, 'mt': None, 'lb': None, 'sp': None, 'db': None}	None	None	None	
4990	{'rt': None, 'pc': None, 'cdf': None, 'rw': None, 'rp': None, 'mt': None, 'lb': None, 'sp': None, 'db': None}	None	None	None	None	None	None	None	None	None	None	None	None	None	None	None	None	None	None	None	None	{'rt': None, 'pc': None, 'cdf': None, 'rw': None, 'rp': None, 'mt': None, 'lb': None, 'sp': None, 'db': None}	None	None	{'pc': None, 'cdf': None}	{'rt': None, 'pc': None, 'cdf': None, 'rw': None, 'rp': None, 'mt': None, 'lb': None, 'sp': None, 'db': None}	None	None	{'rt': None, 'pc': None, 'cdf': None, 'rw': None, 'rp': None, 'mt': None, 'lb': None, 'sp': None, 'db': None}	None	None	None	None	None	None	{'pc': None, 'cdf': None}	None	{'rt': None, 'pc': None, 'cdf': None, 'rw': None, 'rp': None, 'mt': None, 'lb': None, 'sp': None, 'db': None}	None	{'rt': None, 'pc': None, 'cdf': None, 'rw': None, 'rp': None, 'mt': None, 'lb': None, 'sp': None, 'db': None}	{'pc': None, 'cdf': None}	None	None	{'rt': None, 'pc': None, 'cdf': None, 'rw': None, 'rp': None, 'mt': None, 'lb': None, 'sp': None, 'db': None}	None	{'rt': None, 'pc': None, 'cdf': None, 'rw': None, 'rp': None, 'mt': None, 'lb': None, 'sp': None, 'db': None}	None	None	None	None	None	{'rt': None, 'pc': None, 'cdf': None, 'rw': None, 'rp': None, 'mt': None, 'lb': None, 'sp': None, 'db': None}	{'rt': None, 'pc': None, 'cdf': None, 'rw': None, 'rp': None, 'mt': None, 'lb': None, 'sp': None, 'db': None}	None	{'pc': None, 'cdf': None}	None	None	None	None	None	None	None	None	None	None	None	{'rt': None, 'pc': None, 'cdf': None, 'rw': None, 'rp': None, 'mt': None, 'lb': None, 'sp': None, 'db': None}	{'pc': None, 'cdf': None}	None	None	{'rt': None, 'pc': None, 'cdf': None, 'rw': None, 'rp': None, 'mt': None, 'lb': None, 'sp': None, 'db': None}	None	{'pc': None, 'cdf': None}	{'rt': None, 'pc': None, 'cdf': None, 'rw': None, 'rp': None, 'mt': None, 'lb': None, 'sp': None, 'db': None}	None	None	None	
649	{'rt': None, 'pc': None, 'cdf': None, 'rw': None, 'rp': None, 'mt': None, 'lb': None, 'sp': None, 'db': None}	None	None	None	None	None	None	None	None	None	None	None	None	None	None	None	None	None	None	None	None	{'rt': None, 'pc': None, 'cdf': None, 'rw': None, 'rp': None, 'mt': None, 'lb': None, 'sp': None, 'db': None}	None	None	{'pc': None, 'cdf': None}	{'rt': None, 'pc': None, 'cdf': None, 'rw': None, 'rp': None, 'mt': None, 'lb': None, 'sp': None, 'db': None}	None	None	{'rt': None, 'pc': None, 'cdf': None, 'rw': None, 'rp': None, 'mt': None, 'lb': None, 'sp': None, 'db': None}	None	None	None	None	None	None	{'pc': None, 'cdf': None}	None	{'rt': None, 'pc': None, 'cdf': None, 'rw': None, 'rp': None, 'mt': None, 'lb': None, 'sp': None, 'db': None}	None	{'rt': None, 'pc': None, 'cdf': None, 'rw': None, 'rp': None, 'mt': None, 'lb': None, 'sp': None, 'db': None}	{'pc': None, 'cdf': None}	None	None	{'rt': None, 'pc': None, 'cdf': None, 'rw': None, 'rp': None, 'mt': None, 'lb': None, 'sp': None, 'db': None}	None	{'rt': None, 'pc': None, 'cdf': None, 'rw': None, 'rp': None, 'mt': None, 'lb': None, 'sp': None, 'db': None}	None	None	None	None	None	{'rt': None, 'pc': None, 'cdf': None, 'rw': None, 'rp': None, 'mt': None, 'lb': None, 'sp': None, 'db': None}	{'rt': None, 'pc': None, 'cdf': None, 'rw': None, 'rp': None, 'mt': None, 'lb': None, 'sp': None, 'db': None}	None	{'pc': None, 'cdf': None}	None	None	None	None	None	None	None	None	None	None	None	{'rt': None, 'pc': None, 'cdf': None, 'rw': None, 'rp': None, 'mt': None, 'lb': None, 'sp': None, 'db': None}	{'pc': None, 'cdf': None}	None	None	{'rt': None, 'pc': None, 'cdf': None, 'rw': None, 'rp': None, 'mt': None, 'lb': None, 'sp': None, 'db': None}	None	{'pc': None, 'cdf': None}	{'rt': None, 'pc': None, 'cdf': None, 'rw': None, 'rp': None, 'mt': None, 'lb': None, 'sp': None, 'db': None}	None	None	None	
5817	{'rt': None, 'pc': None, 'cdf': None, 'rw': None, 'rp': None, 'mt': None, 'lb': None, 'sp': None, 'db': None}	None	None	None	None	None	None	None	None	None	None	None	None	None	None	None	None	None	None	None	None	{'rt': None, 'pc': None, 'cdf': None, 'rw': None, 'rp': None, 'mt': None, 'lb': None, 'sp': None, 'db': None}	None	None	{'pc': None, 'cdf': None}	{'rt': None, 'pc': None, 'cdf': None, 'rw': None, 'rp': None, 'mt': None, 'lb': None, 'sp': None, 'db': None}	None	None	{'rt': None, 'pc': None, 'cdf': None, 'rw': None, 'rp': None, 'mt': None, 'lb': None, 'sp': None, 'db': None}	None	None	None	None	None	None	{'pc': None, 'cdf': None}	None	{'rt': None, 'pc': None, 'cdf': None, 'rw': None, 'rp': None, 'mt': None, 'lb': None, 'sp': None, 'db': None}	None	{'rt': None, 'pc': None, 'cdf': None, 'rw': None, 'rp': None, 'mt': None, 'lb': None, 'sp': None, 'db': None}	{'pc': None, 'cdf': None}	None	None	{'rt': None, 'pc': None, 'cdf': None, 'rw': None, 'rp': None, 'mt': None, 'lb': None, 'sp': None, 'db': None}	None	{'rt': None, 'pc': None, 'cdf': None, 'rw': None, 'rp': None, 'mt': None, 'lb': None, 'sp': None, 'db': None}	None	None	None	None	None	{'rt': None, 'pc': None, 'cdf': None, 'rw': None, 'rp': None, 'mt': None, 'lb': None, 'sp': None, 'db': None}	{'rt': None, 'pc': None, 'cdf': None, 'rw': None, 'rp': None, 'mt': None, 'lb': None, 'sp': None, 'db': None}	None	{'pc': None, 'cdf': None}	None	None	None	None	None	None	None	None	None	None	None	{'rt': None, 'pc': None, 'cdf': None, 'rw': None, 'rp': None, 'mt': None, 'lb': None, 'sp': None, 'db': None}	{'pc': None, 'cdf': None}	None	None	{'rt': None, 'pc': None, 'cdf': None, 'rw': None, 'rp': None, 'mt': None, 'lb': None, 'sp': None, 'db': None}	None	{'pc': None, 'cdf': None}	{'rt': None, 'pc': None, 'cdf': None, 'rw': None, 'rp': None, 'mt': None, 'lb': None, 'sp': None, 'db': None}	None	None	None	
1458	{'rt': None, 'pc': None, 'cdf': None, 'rw': None, 'rp': None, 'mt': None, 'lb': None, 'sp': None, 'db': None}	None	None	None	None	None	None	None	None	None	None	None	None	None	None	None	None	None	None	None	None	{'rt': None, 'pc': None, 'cdf': None, 'rw': None, 'rp': None, 'mt': None, 'lb': None, 'sp': None, 'db': None}	None	None	{'pc': None, 'cdf': None}	{'rt': None, 'pc': None, 'cdf': None, 'rw': None, 'rp': None, 'mt': None, 'lb': None, 'sp': None, 'db': None}	None	None	{'rt': None, 'pc': None, 'cdf': None, 'rw': None, 'rp': None, 'mt': None, 'lb': None, 'sp': None, 'db': None}	None	None	None	None	None	None	{'pc': None, 'cdf': None}	None	{'rt': None, 'pc': None, 'cdf': None, 'rw': None, 'rp': None, 'mt': None, 'lb': None, 'sp': None, 'db': None}	None	{'rt': None, 'pc': None, 'cdf': None, 'rw': None, 'rp': None, 'mt': None, 'lb': None, 'sp': None, 'db': None}	{'pc': None, 'cdf': None}	None	None	{'rt': None, 'pc': None, 'cdf': None, 'rw': None, 'rp': None, 'mt': None, 'lb': None, 'sp': None, 'db': None}	None	{'rt': None, 'pc': None, 'cdf': None, 'rw': None, 'rp': None, 'mt': None, 'lb': None, 'sp': None, 'db': None}	None	None	None	None	None	{'rt': None, 'pc': None, 'cdf': None, 'rw': None, 'rp': None, 'mt': None, 'lb': None, 'sp': None, 'db': None}	{'rt': None, 'pc': None, 'cdf': None, 'rw': None, 'rp': None, 'mt': None, 'lb': None, 'sp': None, 'db': None}	None	{'pc': None, 'cdf': None}	None	None	None	None	None	None	None	None	None	None	None	{'rt': None, 'pc': None, 'cdf': None, 'rw': None, 'rp': None, 'mt': None, 'lb': None, 'sp': None, 'db': None}	{'pc': None, 'cdf': None}	None	None	{'rt': None, 'pc': None, 'cdf': None, 'rw': None, 'rp': None, 'mt': None, 'lb': None, 'sp': None, 'db': None}	None	{'pc': None, 'cdf': None}	{'rt': None, 'pc': None, 'cdf': None, 'rw': None, 'rp': None, 'mt': None, 'lb': None, 'sp': None, 'db': None}	None	None	None	
1662	{'rt': None, 'pc': None, 'cdf': None, 'rw': None, 'rp': None, 'mt': None, 'lb': None, 'sp': None, 'db': None}	None	None	None	None	None	None	None	None	None	None	None	None	None	None	None	None	None	None	None	None	{'rt': None, 'pc': None, 'cdf': None, 'rw': None, 'rp': None, 'mt': None, 'lb': None, 'sp': None, 'db': None}	None	None	{'pc': None, 'cdf': None}	{'rt': None, 'pc': None, 'cdf': None, 'rw': None, 'rp': None, 'mt': None, 'lb': None, 'sp': None, 'db': None}	None	None	{'rt': None, 'pc': None, 'cdf': None, 'rw': None, 'rp': None, 'mt': None, 'lb': None, 'sp': None, 'db': None}	None	None	None	None	None	None	{'pc': None, 'cdf': None}	None	{'rt': None, 'pc': None, 'cdf': None, 'rw': None, 'rp': None, 'mt': None, 'lb': None, 'sp': None, 'db': None}	None	{'rt': None, 'pc': None, 'cdf': None, 'rw': None, 'rp': None, 'mt': None, 'lb': None, 'sp': None, 'db': None}	{'pc': None, 'cdf': None}	None	None	{'rt': None, 'pc': None, 'cdf': None, 'rw': None, 'rp': None, 'mt': None, 'lb': None, 'sp': None, 'db': None}	None	{'rt': None, 'pc': None, 'cdf': None, 'rw': None, 'rp': None, 'mt': None, 'lb': None, 'sp': None, 'db': None}	None	None	None	None	None	{'rt': None, 'pc': None, 'cdf': None, 'rw': None, 'rp': None, 'mt': None, 'lb': None, 'sp': None, 'db': None}	{'rt': None, 'pc': None, 'cdf': None, 'rw': None, 'rp': None, 'mt': None, 'lb': None, 'sp': None, 'db': None}	None	{'pc': None, 'cdf': None}	None	None	None	None	None	None	None	None	None	None	None	{'rt': None, 'pc': None, 'cdf': None, 'rw': None, 'rp': None, 'mt': None, 'lb': None, 'sp': None, 'db': None}	{'pc': None, 'cdf': None}	None	None	{'rt': None, 'pc': None, 'cdf': None, 'rw': None, 'rp': None, 'mt': None, 'lb': None, 'sp': None, 'db': None}	None	{'pc': None, 'cdf': None}	{'rt': None, 'pc': None, 'cdf': None, 'rw': None, 'rp': None, 'mt': None, 'lb': None, 'sp': None, 'db': None}	None	None	None	
4973	-0.0546162759344	0.0	0.0	0	0.0	{'pc': None, 'cdf': None}	0	0.0	0.0	{'pc': None, 'cdf': None}	{'rp': 0.0, 'cdf': 0.0, 'rw': 0.0, 'lb': 0.0, 'sp': 0.0}	2.0	0.0	{'rp': 0.0, 'cdf': 0.0, 'rw': 0.0, 'lb': 0.0, 'sp': 0.0}	0.0	6.64223583061	{'rt': 0, 'cdf': 0.0, 'rw': 0.0, 'lb': 0.0, 'mt': 0, 'sp': 0.0, 'db': 0, 'pc': 0, 'rp': 0.0}	0.0	0.0	0.0	{'rp': 0.0, 'cdf': 0.0, 'rw': 0.0, 'lb': 0.0, 'sp': 0.0}	0.0	0.0	6	0.0	0.0	5	0.0	None	{'rp': 0.0, 'cdf': 0.0, 'rw': 0.0, 'lb': 0.0, 'sp': 0.0}	0.0	{'cdf': 0.0}	0.0	0.0	0.0	{'rt': None, 'pc': None, 'cdf': None, 'rw': None, 'rp': None, 'mt': None, 'lb': None, 'sp': None, 'db': None}	{'pc': None, 'cdf': None}	2.0	0.0	0.0	{'rt': None, 'pc': None, 'cdf': None, 'rw': None, 'rp': None, 'mt': None, 'lb': None, 'sp': None, 'db': None}	2.0	0.0	0.0	2.0	0.0	0.0	0.0	0.0	0.0	0.0	0.0	{'rp': 0.0, 'cdf': 0.0, 'rw': 0.0, 'lb': 0.0, 'sp': 0.0}	0.0	0.0	{'cdf': 0.0}	2.0	{'rt': None, 'pc': None, 'cdf': None, 'rw': None, 'rp': None, 'mt': None, 'lb': None, 'sp': None, 'db': None}	2.83333333333	0.0	0.0	0	{'rp': 0.0, 'cdf': 0.0, 'rw': 0.0, 'lb': 0.0, 'sp': 0.0}	{'cdf': 0.0}	0.0	0.0	None	0.0	0.0	0.0	0.0	2.0	0.0	2.0	{'rp': 0.0, 'cdf': 0.0, 'rw': 0.0, 'lb': 0.0, 'sp': 0.0}	0.0	{'rp': 0.0, 'cdf': 0.0, 'rw': 0.0, 'lb': 0.0, 'sp': 0.0}	{'rp': 0.0, 'cdf': 0.0, 'rw': 0.0, 'lb': 0.0, 'sp': 0.0}	{'rt': None, 'pc': None, 'cdf': None, 'rw': None, 'rp': None, 'mt': None, 'lb': None, 'sp': None, 'db': None}	0.0	
