number	overallSecondPickAbility	firstPickAbility	actualSeed	actualNumRPs	numAutoPoints	RScoreDrivingAbility	siegeAbility	disfunctionalPercentage	defensesCrossableAuto	defensesCrossableTele	avgGroundIntakes	RScoreSpeed	RScoreAgility	RScoreBallControl	avgDrivingAbility	avgSpeed	avgAgility	avgTorque	avgDefense	avgLowShotsAttemptedTele	teleopShotAbility	avgLowShotsAuto	avgLowShotsTele	avgHighShotsTele	highShotAccuracyTele	breachPercentage	siegeConsistency	challengePercentage	avgDefenseCrossingTime	pitProgrammingLanguage	avgTimeForDefenseCrossAuto	avgTimeForDefenseCrossTele	autoAbility	highShotAccuracyAuto	avgHighShotsAuto	RScoreDefense	RScoreTorque	sdAutoAbility	avgFailedTimesCrossedDefensesTele	sdHighShotsTele	predictedNumRPs	sdMidlineBallsIntakedAuto	avgFailedTimesCrossedDefensesAuto	lowShotAccuracyAuto	avgHighShotsAttemptedTele	incapacitatedPercentage	predictedSeed	twoBallAutoAttemptedPercentage	predictedSuccessfulCrossingsForDefenseTele	avgNumTimesUnaffected	reachPercentage	crossingsSuccessRateForDefenseTele	slowedPercentage	avgBallsKnockedOffMidlineAuto	avgMidlineBallsIntakedAuto	crossingsSuccessRateForDefenseAuto	sdGroundIntakes	avgBallControl	avgNumTimesBeached	sdHighShotsAuto	sdFailedDefenseCrossesTele	avgNumTimesSlowed	sdSiegeAbility	twoBallAutoAccuracy	lowShotAccuracyTele	sdTeleopShotAbility	sdFailedDefenseCrossesAuto	siegeAbility	sdSuccessfulDefenseCrossesTele	avgSuccessfulTimesCrossedDefensesTele	scalePercentage	disabledPercentage	avgShotsBlocked	sdBallsKnockedOffMidlineAuto	sdShotsBlocked	sdSuccessfulDefenseCrossesAuto	blockingAbility	twoBallAutoAttemptedPercentage	sdLowShotsTele	beachedPercentage	sdLowShotsAuto	unaffectedPercentage	avgSuccessfulTimesCrossedDefensesAuto	
1323	None	None	None	None	None	None	None	None	None	None	None	None	None	None	None	None	None	None	None	None	None	None	None	None	None	None	None	None	None	{'rt': None, 'pc': None, 'cdf': None, 'rw': None, 'rp': None, 'mt': None, 'lb': None, 'sp': None, 'db': None}	{'rt': None, 'pc': None, 'cdf': None, 'rw': None, 'rp': None, 'mt': None, 'lb': None, 'sp': None, 'db': None}	None	None	None	None	None	None	{'rt': None, 'pc': None, 'cdf': None, 'rw': None, 'rp': None, 'mt': None, 'lb': None, 'sp': None, 'db': None}	None	None	None	{'rt': None, 'pc': None, 'cdf': None, 'rw': None, 'rp': None, 'mt': None, 'lb': None, 'sp': None, 'db': None}	None	None	None	None	None	{'rt': None, 'pc': None, 'cdf': None, 'rw': None, 'rp': None, 'mt': None, 'lb': None, 'sp': None, 'db': None}	{'pc': None, 'cdf': None}	None	{'rt': None, 'pc': None, 'cdf': None, 'rw': None, 'rp': None, 'mt': None, 'lb': None, 'sp': None, 'db': None}	{'pc': None, 'cdf': None}	None	None	{'rt': None, 'pc': None, 'cdf': None, 'rw': None, 'rp': None, 'mt': None, 'lb': None, 'sp': None, 'db': None}	None	None	{'pc': None, 'cdf': None}	None	{'rt': None, 'pc': None, 'cdf': None, 'rw': None, 'rp': None, 'mt': None, 'lb': None, 'sp': None, 'db': None}	{'pc': None, 'cdf': None}	None	None	None	None	{'rt': None, 'pc': None, 'cdf': None, 'rw': None, 'rp': None, 'mt': None, 'lb': None, 'sp': None, 'db': None}	None	{'rt': None, 'pc': None, 'cdf': None, 'rw': None, 'rp': None, 'mt': None, 'lb': None, 'sp': None, 'db': None}	{'rt': None, 'pc': None, 'cdf': None, 'rw': None, 'rp': None, 'mt': None, 'lb': None, 'sp': None, 'db': None}	None	None	None	None	None	{'rt': None, 'pc': None, 'cdf': None, 'rw': None, 'rp': None, 'mt': None, 'lb': None, 'sp': None, 'db': None}	None	None	None	{'pc': None, 'cdf': None}	None	{'pc': None, 'cdf': None}	{'rt': None, 'pc': None, 'cdf': None, 'rw': None, 'rp': None, 'mt': None, 'lb': None, 'sp': None, 'db': None}	
3925	None	None	None	None	None	None	None	None	None	None	None	None	None	None	None	None	None	None	None	None	None	None	None	None	None	None	None	None	None	{'rt': None, 'pc': None, 'cdf': None, 'rw': None, 'rp': None, 'mt': None, 'lb': None, 'sp': None, 'db': None}	{'rt': None, 'pc': None, 'cdf': None, 'rw': None, 'rp': None, 'mt': None, 'lb': None, 'sp': None, 'db': None}	None	None	None	None	None	None	{'rt': None, 'pc': None, 'cdf': None, 'rw': None, 'rp': None, 'mt': None, 'lb': None, 'sp': None, 'db': None}	None	None	None	{'rt': None, 'pc': None, 'cdf': None, 'rw': None, 'rp': None, 'mt': None, 'lb': None, 'sp': None, 'db': None}	None	None	None	None	None	{'rt': None, 'pc': None, 'cdf': None, 'rw': None, 'rp': None, 'mt': None, 'lb': None, 'sp': None, 'db': None}	{'pc': None, 'cdf': None}	None	{'rt': None, 'pc': None, 'cdf': None, 'rw': None, 'rp': None, 'mt': None, 'lb': None, 'sp': None, 'db': None}	{'pc': None, 'cdf': None}	None	None	{'rt': None, 'pc': None, 'cdf': None, 'rw': None, 'rp': None, 'mt': None, 'lb': None, 'sp': None, 'db': None}	None	None	{'pc': None, 'cdf': None}	None	{'rt': None, 'pc': None, 'cdf': None, 'rw': None, 'rp': None, 'mt': None, 'lb': None, 'sp': None, 'db': None}	{'pc': None, 'cdf': None}	None	None	None	None	{'rt': None, 'pc': None, 'cdf': None, 'rw': None, 'rp': None, 'mt': None, 'lb': None, 'sp': None, 'db': None}	None	{'rt': None, 'pc': None, 'cdf': None, 'rw': None, 'rp': None, 'mt': None, 'lb': None, 'sp': None, 'db': None}	{'rt': None, 'pc': None, 'cdf': None, 'rw': None, 'rp': None, 'mt': None, 'lb': None, 'sp': None, 'db': None}	None	None	None	None	None	{'rt': None, 'pc': None, 'cdf': None, 'rw': None, 'rp': None, 'mt': None, 'lb': None, 'sp': None, 'db': None}	None	None	None	{'pc': None, 'cdf': None}	None	{'pc': None, 'cdf': None}	{'rt': None, 'pc': None, 'cdf': None, 'rw': None, 'rp': None, 'mt': None, 'lb': None, 'sp': None, 'db': None}	
3495	None	None	None	None	None	None	None	None	None	None	None	None	None	None	None	None	None	None	None	None	None	None	None	None	None	None	None	None	None	{'rt': None, 'pc': None, 'cdf': None, 'rw': None, 'rp': None, 'mt': None, 'lb': None, 'sp': None, 'db': None}	{'rt': None, 'pc': None, 'cdf': None, 'rw': None, 'rp': None, 'mt': None, 'lb': None, 'sp': None, 'db': None}	None	None	None	None	None	None	{'rt': None, 'pc': None, 'cdf': None, 'rw': None, 'rp': None, 'mt': None, 'lb': None, 'sp': None, 'db': None}	None	None	None	{'rt': None, 'pc': None, 'cdf': None, 'rw': None, 'rp': None, 'mt': None, 'lb': None, 'sp': None, 'db': None}	None	None	None	None	None	{'rt': None, 'pc': None, 'cdf': None, 'rw': None, 'rp': None, 'mt': None, 'lb': None, 'sp': None, 'db': None}	{'pc': None, 'cdf': None}	None	{'rt': None, 'pc': None, 'cdf': None, 'rw': None, 'rp': None, 'mt': None, 'lb': None, 'sp': None, 'db': None}	{'pc': None, 'cdf': None}	None	None	{'rt': None, 'pc': None, 'cdf': None, 'rw': None, 'rp': None, 'mt': None, 'lb': None, 'sp': None, 'db': None}	None	None	{'pc': None, 'cdf': None}	None	{'rt': None, 'pc': None, 'cdf': None, 'rw': None, 'rp': None, 'mt': None, 'lb': None, 'sp': None, 'db': None}	{'pc': None, 'cdf': None}	None	None	None	None	{'rt': None, 'pc': None, 'cdf': None, 'rw': None, 'rp': None, 'mt': None, 'lb': None, 'sp': None, 'db': None}	None	{'rt': None, 'pc': None, 'cdf': None, 'rw': None, 'rp': None, 'mt': None, 'lb': None, 'sp': None, 'db': None}	{'rt': None, 'pc': None, 'cdf': None, 'rw': None, 'rp': None, 'mt': None, 'lb': None, 'sp': None, 'db': None}	None	None	None	None	None	{'rt': None, 'pc': None, 'cdf': None, 'rw': None, 'rp': None, 'mt': None, 'lb': None, 'sp': None, 'db': None}	None	None	None	{'pc': None, 'cdf': None}	None	{'pc': None, 'cdf': None}	{'rt': None, 'pc': None, 'cdf': None, 'rw': None, 'rp': None, 'mt': None, 'lb': None, 'sp': None, 'db': None}	
701	None	None	None	None	None	None	None	None	None	None	None	None	None	None	None	None	None	None	None	None	None	None	None	None	None	None	None	None	None	{'rt': None, 'pc': None, 'cdf': None, 'rw': None, 'rp': None, 'mt': None, 'lb': None, 'sp': None, 'db': None}	{'rt': None, 'pc': None, 'cdf': None, 'rw': None, 'rp': None, 'mt': None, 'lb': None, 'sp': None, 'db': None}	None	None	None	None	None	None	{'rt': None, 'pc': None, 'cdf': None, 'rw': None, 'rp': None, 'mt': None, 'lb': None, 'sp': None, 'db': None}	None	None	None	{'rt': None, 'pc': None, 'cdf': None, 'rw': None, 'rp': None, 'mt': None, 'lb': None, 'sp': None, 'db': None}	None	None	None	None	None	{'rt': None, 'pc': None, 'cdf': None, 'rw': None, 'rp': None, 'mt': None, 'lb': None, 'sp': None, 'db': None}	{'pc': None, 'cdf': None}	None	{'rt': None, 'pc': None, 'cdf': None, 'rw': None, 'rp': None, 'mt': None, 'lb': None, 'sp': None, 'db': None}	{'pc': None, 'cdf': None}	None	None	{'rt': None, 'pc': None, 'cdf': None, 'rw': None, 'rp': None, 'mt': None, 'lb': None, 'sp': None, 'db': None}	None	None	{'pc': None, 'cdf': None}	None	{'rt': None, 'pc': None, 'cdf': None, 'rw': None, 'rp': None, 'mt': None, 'lb': None, 'sp': None, 'db': None}	{'pc': None, 'cdf': None}	None	None	None	None	{'rt': None, 'pc': None, 'cdf': None, 'rw': None, 'rp': None, 'mt': None, 'lb': None, 'sp': None, 'db': None}	None	{'rt': None, 'pc': None, 'cdf': None, 'rw': None, 'rp': None, 'mt': None, 'lb': None, 'sp': None, 'db': None}	{'rt': None, 'pc': None, 'cdf': None, 'rw': None, 'rp': None, 'mt': None, 'lb': None, 'sp': None, 'db': None}	None	None	None	None	None	{'rt': None, 'pc': None, 'cdf': None, 'rw': None, 'rp': None, 'mt': None, 'lb': None, 'sp': None, 'db': None}	None	None	None	{'pc': None, 'cdf': None}	None	{'pc': None, 'cdf': None}	{'rt': None, 'pc': None, 'cdf': None, 'rw': None, 'rp': None, 'mt': None, 'lb': None, 'sp': None, 'db': None}	
5499	None	None	None	None	None	None	None	None	None	None	None	None	None	None	None	None	None	None	None	None	None	None	None	None	None	None	None	None	None	{'rt': None, 'pc': None, 'cdf': None, 'rw': None, 'rp': None, 'mt': None, 'lb': None, 'sp': None, 'db': None}	{'rt': None, 'pc': None, 'cdf': None, 'rw': None, 'rp': None, 'mt': None, 'lb': None, 'sp': None, 'db': None}	None	None	None	None	None	None	{'rt': None, 'pc': None, 'cdf': None, 'rw': None, 'rp': None, 'mt': None, 'lb': None, 'sp': None, 'db': None}	None	None	None	{'rt': None, 'pc': None, 'cdf': None, 'rw': None, 'rp': None, 'mt': None, 'lb': None, 'sp': None, 'db': None}	None	None	None	None	None	{'rt': None, 'pc': None, 'cdf': None, 'rw': None, 'rp': None, 'mt': None, 'lb': None, 'sp': None, 'db': None}	{'pc': None, 'cdf': None}	None	{'rt': None, 'pc': None, 'cdf': None, 'rw': None, 'rp': None, 'mt': None, 'lb': None, 'sp': None, 'db': None}	{'pc': None, 'cdf': None}	None	None	{'rt': None, 'pc': None, 'cdf': None, 'rw': None, 'rp': None, 'mt': None, 'lb': None, 'sp': None, 'db': None}	None	None	{'pc': None, 'cdf': None}	None	{'rt': None, 'pc': None, 'cdf': None, 'rw': None, 'rp': None, 'mt': None, 'lb': None, 'sp': None, 'db': None}	{'pc': None, 'cdf': None}	None	None	None	None	{'rt': None, 'pc': None, 'cdf': None, 'rw': None, 'rp': None, 'mt': None, 'lb': None, 'sp': None, 'db': None}	None	{'rt': None, 'pc': None, 'cdf': None, 'rw': None, 'rp': None, 'mt': None, 'lb': None, 'sp': None, 'db': None}	{'rt': None, 'pc': None, 'cdf': None, 'rw': None, 'rp': None, 'mt': None, 'lb': None, 'sp': None, 'db': None}	None	None	None	None	None	{'rt': None, 'pc': None, 'cdf': None, 'rw': None, 'rp': None, 'mt': None, 'lb': None, 'sp': None, 'db': None}	None	None	None	{'pc': None, 'cdf': None}	None	{'pc': None, 'cdf': None}	{'rt': None, 'pc': None, 'cdf': None, 'rw': None, 'rp': None, 'mt': None, 'lb': None, 'sp': None, 'db': None}	
5137	None	None	None	None	None	None	None	None	None	None	None	None	None	None	None	None	None	None	None	None	None	None	None	None	None	None	None	None	None	{'rt': None, 'pc': None, 'cdf': None, 'rw': None, 'rp': None, 'mt': None, 'lb': None, 'sp': None, 'db': None}	{'rt': None, 'pc': None, 'cdf': None, 'rw': None, 'rp': None, 'mt': None, 'lb': None, 'sp': None, 'db': None}	None	None	None	None	None	None	{'rt': None, 'pc': None, 'cdf': None, 'rw': None, 'rp': None, 'mt': None, 'lb': None, 'sp': None, 'db': None}	None	None	None	{'rt': None, 'pc': None, 'cdf': None, 'rw': None, 'rp': None, 'mt': None, 'lb': None, 'sp': None, 'db': None}	None	None	None	None	None	{'rt': None, 'pc': None, 'cdf': None, 'rw': None, 'rp': None, 'mt': None, 'lb': None, 'sp': None, 'db': None}	{'pc': None, 'cdf': None}	None	{'rt': None, 'pc': None, 'cdf': None, 'rw': None, 'rp': None, 'mt': None, 'lb': None, 'sp': None, 'db': None}	{'pc': None, 'cdf': None}	None	None	{'rt': None, 'pc': None, 'cdf': None, 'rw': None, 'rp': None, 'mt': None, 'lb': None, 'sp': None, 'db': None}	None	None	{'pc': None, 'cdf': None}	None	{'rt': None, 'pc': None, 'cdf': None, 'rw': None, 'rp': None, 'mt': None, 'lb': None, 'sp': None, 'db': None}	{'pc': None, 'cdf': None}	None	None	None	None	{'rt': None, 'pc': None, 'cdf': None, 'rw': None, 'rp': None, 'mt': None, 'lb': None, 'sp': None, 'db': None}	None	{'rt': None, 'pc': None, 'cdf': None, 'rw': None, 'rp': None, 'mt': None, 'lb': None, 'sp': None, 'db': None}	{'rt': None, 'pc': None, 'cdf': None, 'rw': None, 'rp': None, 'mt': None, 'lb': None, 'sp': None, 'db': None}	None	None	None	None	None	{'rt': None, 'pc': None, 'cdf': None, 'rw': None, 'rp': None, 'mt': None, 'lb': None, 'sp': None, 'db': None}	None	None	None	{'pc': None, 'cdf': None}	None	{'pc': None, 'cdf': None}	{'rt': None, 'pc': None, 'cdf': None, 'rw': None, 'rp': None, 'mt': None, 'lb': None, 'sp': None, 'db': None}	
5136	None	None	None	None	None	None	None	None	None	None	None	None	None	None	None	None	None	None	None	None	None	None	None	None	None	None	None	None	None	{'rt': None, 'pc': None, 'cdf': None, 'rw': None, 'rp': None, 'mt': None, 'lb': None, 'sp': None, 'db': None}	{'rt': None, 'pc': None, 'cdf': None, 'rw': None, 'rp': None, 'mt': None, 'lb': None, 'sp': None, 'db': None}	None	None	None	None	None	None	{'rt': None, 'pc': None, 'cdf': None, 'rw': None, 'rp': None, 'mt': None, 'lb': None, 'sp': None, 'db': None}	None	None	None	{'rt': None, 'pc': None, 'cdf': None, 'rw': None, 'rp': None, 'mt': None, 'lb': None, 'sp': None, 'db': None}	None	None	None	None	None	{'rt': None, 'pc': None, 'cdf': None, 'rw': None, 'rp': None, 'mt': None, 'lb': None, 'sp': None, 'db': None}	{'pc': None, 'cdf': None}	None	{'rt': None, 'pc': None, 'cdf': None, 'rw': None, 'rp': None, 'mt': None, 'lb': None, 'sp': None, 'db': None}	{'pc': None, 'cdf': None}	None	None	{'rt': None, 'pc': None, 'cdf': None, 'rw': None, 'rp': None, 'mt': None, 'lb': None, 'sp': None, 'db': None}	None	None	{'pc': None, 'cdf': None}	None	{'rt': None, 'pc': None, 'cdf': None, 'rw': None, 'rp': None, 'mt': None, 'lb': None, 'sp': None, 'db': None}	{'pc': None, 'cdf': None}	None	None	None	None	{'rt': None, 'pc': None, 'cdf': None, 'rw': None, 'rp': None, 'mt': None, 'lb': None, 'sp': None, 'db': None}	None	{'rt': None, 'pc': None, 'cdf': None, 'rw': None, 'rp': None, 'mt': None, 'lb': None, 'sp': None, 'db': None}	{'rt': None, 'pc': None, 'cdf': None, 'rw': None, 'rp': None, 'mt': None, 'lb': None, 'sp': None, 'db': None}	None	None	None	None	None	{'rt': None, 'pc': None, 'cdf': None, 'rw': None, 'rp': None, 'mt': None, 'lb': None, 'sp': None, 'db': None}	None	None	None	{'pc': None, 'cdf': None}	None	{'pc': None, 'cdf': None}	{'rt': None, 'pc': None, 'cdf': None, 'rw': None, 'rp': None, 'mt': None, 'lb': None, 'sp': None, 'db': None}	
5496	None	None	None	None	None	None	None	None	None	None	None	None	None	None	None	None	None	None	None	None	None	None	None	None	None	None	None	None	None	{'rt': None, 'pc': None, 'cdf': None, 'rw': None, 'rp': None, 'mt': None, 'lb': None, 'sp': None, 'db': None}	{'rt': None, 'pc': None, 'cdf': None, 'rw': None, 'rp': None, 'mt': None, 'lb': None, 'sp': None, 'db': None}	None	None	None	None	None	None	{'rt': None, 'pc': None, 'cdf': None, 'rw': None, 'rp': None, 'mt': None, 'lb': None, 'sp': None, 'db': None}	None	None	None	{'rt': None, 'pc': None, 'cdf': None, 'rw': None, 'rp': None, 'mt': None, 'lb': None, 'sp': None, 'db': None}	None	None	None	None	None	{'rt': None, 'pc': None, 'cdf': None, 'rw': None, 'rp': None, 'mt': None, 'lb': None, 'sp': None, 'db': None}	{'pc': None, 'cdf': None}	None	{'rt': None, 'pc': None, 'cdf': None, 'rw': None, 'rp': None, 'mt': None, 'lb': None, 'sp': None, 'db': None}	{'pc': None, 'cdf': None}	None	None	{'rt': None, 'pc': None, 'cdf': None, 'rw': None, 'rp': None, 'mt': None, 'lb': None, 'sp': None, 'db': None}	None	None	{'pc': None, 'cdf': None}	None	{'rt': None, 'pc': None, 'cdf': None, 'rw': None, 'rp': None, 'mt': None, 'lb': None, 'sp': None, 'db': None}	{'pc': None, 'cdf': None}	None	None	None	None	{'rt': None, 'pc': None, 'cdf': None, 'rw': None, 'rp': None, 'mt': None, 'lb': None, 'sp': None, 'db': None}	None	{'rt': None, 'pc': None, 'cdf': None, 'rw': None, 'rp': None, 'mt': None, 'lb': None, 'sp': None, 'db': None}	{'rt': None, 'pc': None, 'cdf': None, 'rw': None, 'rp': None, 'mt': None, 'lb': None, 'sp': None, 'db': None}	None	None	None	None	None	{'rt': None, 'pc': None, 'cdf': None, 'rw': None, 'rp': None, 'mt': None, 'lb': None, 'sp': None, 'db': None}	None	None	None	{'pc': None, 'cdf': None}	None	{'pc': None, 'cdf': None}	{'rt': None, 'pc': None, 'cdf': None, 'rw': None, 'rp': None, 'mt': None, 'lb': None, 'sp': None, 'db': None}	
5134	None	None	None	None	None	None	None	None	None	None	None	None	None	None	None	None	None	None	None	None	None	None	None	None	None	None	None	None	None	{'rt': None, 'pc': None, 'cdf': None, 'rw': None, 'rp': None, 'mt': None, 'lb': None, 'sp': None, 'db': None}	{'rt': None, 'pc': None, 'cdf': None, 'rw': None, 'rp': None, 'mt': None, 'lb': None, 'sp': None, 'db': None}	None	None	None	None	None	None	{'rt': None, 'pc': None, 'cdf': None, 'rw': None, 'rp': None, 'mt': None, 'lb': None, 'sp': None, 'db': None}	None	None	None	{'rt': None, 'pc': None, 'cdf': None, 'rw': None, 'rp': None, 'mt': None, 'lb': None, 'sp': None, 'db': None}	None	None	None	None	None	{'rt': None, 'pc': None, 'cdf': None, 'rw': None, 'rp': None, 'mt': None, 'lb': None, 'sp': None, 'db': None}	{'pc': None, 'cdf': None}	None	{'rt': None, 'pc': None, 'cdf': None, 'rw': None, 'rp': None, 'mt': None, 'lb': None, 'sp': None, 'db': None}	{'pc': None, 'cdf': None}	None	None	{'rt': None, 'pc': None, 'cdf': None, 'rw': None, 'rp': None, 'mt': None, 'lb': None, 'sp': None, 'db': None}	None	None	{'pc': None, 'cdf': None}	None	{'rt': None, 'pc': None, 'cdf': None, 'rw': None, 'rp': None, 'mt': None, 'lb': None, 'sp': None, 'db': None}	{'pc': None, 'cdf': None}	None	None	None	None	{'rt': None, 'pc': None, 'cdf': None, 'rw': None, 'rp': None, 'mt': None, 'lb': None, 'sp': None, 'db': None}	None	{'rt': None, 'pc': None, 'cdf': None, 'rw': None, 'rp': None, 'mt': None, 'lb': None, 'sp': None, 'db': None}	{'rt': None, 'pc': None, 'cdf': None, 'rw': None, 'rp': None, 'mt': None, 'lb': None, 'sp': None, 'db': None}	None	None	None	None	None	{'rt': None, 'pc': None, 'cdf': None, 'rw': None, 'rp': None, 'mt': None, 'lb': None, 'sp': None, 'db': None}	None	None	None	{'pc': None, 'cdf': None}	None	{'pc': None, 'cdf': None}	{'rt': None, 'pc': None, 'cdf': None, 'rw': None, 'rp': None, 'mt': None, 'lb': None, 'sp': None, 'db': None}	
3045	None	None	None	None	None	None	None	None	None	None	None	None	None	None	None	None	None	None	None	None	None	None	None	None	None	None	None	None	None	{'rt': None, 'pc': None, 'cdf': None, 'rw': None, 'rp': None, 'mt': None, 'lb': None, 'sp': None, 'db': None}	{'rt': None, 'pc': None, 'cdf': None, 'rw': None, 'rp': None, 'mt': None, 'lb': None, 'sp': None, 'db': None}	None	None	None	None	None	None	{'rt': None, 'pc': None, 'cdf': None, 'rw': None, 'rp': None, 'mt': None, 'lb': None, 'sp': None, 'db': None}	None	None	None	{'rt': None, 'pc': None, 'cdf': None, 'rw': None, 'rp': None, 'mt': None, 'lb': None, 'sp': None, 'db': None}	None	None	None	None	None	{'rt': None, 'pc': None, 'cdf': None, 'rw': None, 'rp': None, 'mt': None, 'lb': None, 'sp': None, 'db': None}	{'pc': None, 'cdf': None}	None	{'rt': None, 'pc': None, 'cdf': None, 'rw': None, 'rp': None, 'mt': None, 'lb': None, 'sp': None, 'db': None}	{'pc': None, 'cdf': None}	None	None	{'rt': None, 'pc': None, 'cdf': None, 'rw': None, 'rp': None, 'mt': None, 'lb': None, 'sp': None, 'db': None}	None	None	{'pc': None, 'cdf': None}	None	{'rt': None, 'pc': None, 'cdf': None, 'rw': None, 'rp': None, 'mt': None, 'lb': None, 'sp': None, 'db': None}	{'pc': None, 'cdf': None}	None	None	None	None	{'rt': None, 'pc': None, 'cdf': None, 'rw': None, 'rp': None, 'mt': None, 'lb': None, 'sp': None, 'db': None}	None	{'rt': None, 'pc': None, 'cdf': None, 'rw': None, 'rp': None, 'mt': None, 'lb': None, 'sp': None, 'db': None}	{'rt': None, 'pc': None, 'cdf': None, 'rw': None, 'rp': None, 'mt': None, 'lb': None, 'sp': None, 'db': None}	None	None	None	None	None	{'rt': None, 'pc': None, 'cdf': None, 'rw': None, 'rp': None, 'mt': None, 'lb': None, 'sp': None, 'db': None}	None	None	None	{'pc': None, 'cdf': None}	None	{'pc': None, 'cdf': None}	{'rt': None, 'pc': None, 'cdf': None, 'rw': None, 'rp': None, 'mt': None, 'lb': None, 'sp': None, 'db': None}	
3303	None	None	None	None	None	None	None	None	None	None	None	None	None	None	None	None	None	None	None	None	None	None	None	None	None	None	None	None	None	{'rt': None, 'pc': None, 'cdf': None, 'rw': None, 'rp': None, 'mt': None, 'lb': None, 'sp': None, 'db': None}	{'rt': None, 'pc': None, 'cdf': None, 'rw': None, 'rp': None, 'mt': None, 'lb': None, 'sp': None, 'db': None}	None	None	None	None	None	None	{'rt': None, 'pc': None, 'cdf': None, 'rw': None, 'rp': None, 'mt': None, 'lb': None, 'sp': None, 'db': None}	None	None	None	{'rt': None, 'pc': None, 'cdf': None, 'rw': None, 'rp': None, 'mt': None, 'lb': None, 'sp': None, 'db': None}	None	None	None	None	None	{'rt': None, 'pc': None, 'cdf': None, 'rw': None, 'rp': None, 'mt': None, 'lb': None, 'sp': None, 'db': None}	{'pc': None, 'cdf': None}	None	{'rt': None, 'pc': None, 'cdf': None, 'rw': None, 'rp': None, 'mt': None, 'lb': None, 'sp': None, 'db': None}	{'pc': None, 'cdf': None}	None	None	{'rt': None, 'pc': None, 'cdf': None, 'rw': None, 'rp': None, 'mt': None, 'lb': None, 'sp': None, 'db': None}	None	None	{'pc': None, 'cdf': None}	None	{'rt': None, 'pc': None, 'cdf': None, 'rw': None, 'rp': None, 'mt': None, 'lb': None, 'sp': None, 'db': None}	{'pc': None, 'cdf': None}	None	None	None	None	{'rt': None, 'pc': None, 'cdf': None, 'rw': None, 'rp': None, 'mt': None, 'lb': None, 'sp': None, 'db': None}	None	{'rt': None, 'pc': None, 'cdf': None, 'rw': None, 'rp': None, 'mt': None, 'lb': None, 'sp': None, 'db': None}	{'rt': None, 'pc': None, 'cdf': None, 'rw': None, 'rp': None, 'mt': None, 'lb': None, 'sp': None, 'db': None}	None	None	None	None	None	{'rt': None, 'pc': None, 'cdf': None, 'rw': None, 'rp': None, 'mt': None, 'lb': None, 'sp': None, 'db': None}	None	None	None	{'pc': None, 'cdf': None}	None	{'pc': None, 'cdf': None}	{'rt': None, 'pc': None, 'cdf': None, 'rw': None, 'rp': None, 'mt': None, 'lb': None, 'sp': None, 'db': None}	
254	None	None	None	None	None	None	None	None	None	None	None	None	None	None	None	None	None	None	None	None	None	None	None	None	None	None	None	None	None	{'rt': None, 'pc': None, 'cdf': None, 'rw': None, 'rp': None, 'mt': None, 'lb': None, 'sp': None, 'db': None}	{'rt': None, 'pc': None, 'cdf': None, 'rw': None, 'rp': None, 'mt': None, 'lb': None, 'sp': None, 'db': None}	None	None	None	None	None	None	{'rt': None, 'pc': None, 'cdf': None, 'rw': None, 'rp': None, 'mt': None, 'lb': None, 'sp': None, 'db': None}	None	None	None	{'rt': None, 'pc': None, 'cdf': None, 'rw': None, 'rp': None, 'mt': None, 'lb': None, 'sp': None, 'db': None}	None	None	None	None	None	{'rt': None, 'pc': None, 'cdf': None, 'rw': None, 'rp': None, 'mt': None, 'lb': None, 'sp': None, 'db': None}	{'pc': None, 'cdf': None}	None	{'rt': None, 'pc': None, 'cdf': None, 'rw': None, 'rp': None, 'mt': None, 'lb': None, 'sp': None, 'db': None}	{'pc': None, 'cdf': None}	None	None	{'rt': None, 'pc': None, 'cdf': None, 'rw': None, 'rp': None, 'mt': None, 'lb': None, 'sp': None, 'db': None}	None	None	{'pc': None, 'cdf': None}	None	{'rt': None, 'pc': None, 'cdf': None, 'rw': None, 'rp': None, 'mt': None, 'lb': None, 'sp': None, 'db': None}	{'pc': None, 'cdf': None}	None	None	None	None	{'rt': None, 'pc': None, 'cdf': None, 'rw': None, 'rp': None, 'mt': None, 'lb': None, 'sp': None, 'db': None}	None	{'rt': None, 'pc': None, 'cdf': None, 'rw': None, 'rp': None, 'mt': None, 'lb': None, 'sp': None, 'db': None}	{'rt': None, 'pc': None, 'cdf': None, 'rw': None, 'rp': None, 'mt': None, 'lb': None, 'sp': None, 'db': None}	None	None	None	None	None	{'rt': None, 'pc': None, 'cdf': None, 'rw': None, 'rp': None, 'mt': None, 'lb': None, 'sp': None, 'db': None}	None	None	None	{'pc': None, 'cdf': None}	None	{'pc': None, 'cdf': None}	{'rt': None, 'pc': None, 'cdf': None, 'rw': None, 'rp': None, 'mt': None, 'lb': None, 'sp': None, 'db': None}	
5458	None	None	None	None	None	None	None	None	None	None	None	None	None	None	None	None	None	None	None	None	None	None	None	None	None	None	None	None	None	{'rt': None, 'pc': None, 'cdf': None, 'rw': None, 'rp': None, 'mt': None, 'lb': None, 'sp': None, 'db': None}	{'rt': None, 'pc': None, 'cdf': None, 'rw': None, 'rp': None, 'mt': None, 'lb': None, 'sp': None, 'db': None}	None	None	None	None	None	None	{'rt': None, 'pc': None, 'cdf': None, 'rw': None, 'rp': None, 'mt': None, 'lb': None, 'sp': None, 'db': None}	None	None	None	{'rt': None, 'pc': None, 'cdf': None, 'rw': None, 'rp': None, 'mt': None, 'lb': None, 'sp': None, 'db': None}	None	None	None	None	None	{'rt': None, 'pc': None, 'cdf': None, 'rw': None, 'rp': None, 'mt': None, 'lb': None, 'sp': None, 'db': None}	{'pc': None, 'cdf': None}	None	{'rt': None, 'pc': None, 'cdf': None, 'rw': None, 'rp': None, 'mt': None, 'lb': None, 'sp': None, 'db': None}	{'pc': None, 'cdf': None}	None	None	{'rt': None, 'pc': None, 'cdf': None, 'rw': None, 'rp': None, 'mt': None, 'lb': None, 'sp': None, 'db': None}	None	None	{'pc': None, 'cdf': None}	None	{'rt': None, 'pc': None, 'cdf': None, 'rw': None, 'rp': None, 'mt': None, 'lb': None, 'sp': None, 'db': None}	{'pc': None, 'cdf': None}	None	None	None	None	{'rt': None, 'pc': None, 'cdf': None, 'rw': None, 'rp': None, 'mt': None, 'lb': None, 'sp': None, 'db': None}	None	{'rt': None, 'pc': None, 'cdf': None, 'rw': None, 'rp': None, 'mt': None, 'lb': None, 'sp': None, 'db': None}	{'rt': None, 'pc': None, 'cdf': None, 'rw': None, 'rp': None, 'mt': None, 'lb': None, 'sp': None, 'db': None}	None	None	None	None	None	{'rt': None, 'pc': None, 'cdf': None, 'rw': None, 'rp': None, 'mt': None, 'lb': None, 'sp': None, 'db': None}	None	None	None	{'pc': None, 'cdf': None}	None	{'pc': None, 'cdf': None}	{'rt': None, 'pc': None, 'cdf': None, 'rw': None, 'rp': None, 'mt': None, 'lb': None, 'sp': None, 'db': None}	
1422	None	None	None	None	None	None	None	None	None	None	None	None	None	None	None	None	None	None	None	None	None	None	None	None	None	None	None	None	None	{'rt': None, 'pc': None, 'cdf': None, 'rw': None, 'rp': None, 'mt': None, 'lb': None, 'sp': None, 'db': None}	{'rt': None, 'pc': None, 'cdf': None, 'rw': None, 'rp': None, 'mt': None, 'lb': None, 'sp': None, 'db': None}	None	None	None	None	None	None	{'rt': None, 'pc': None, 'cdf': None, 'rw': None, 'rp': None, 'mt': None, 'lb': None, 'sp': None, 'db': None}	None	None	None	{'rt': None, 'pc': None, 'cdf': None, 'rw': None, 'rp': None, 'mt': None, 'lb': None, 'sp': None, 'db': None}	None	None	None	None	None	{'rt': None, 'pc': None, 'cdf': None, 'rw': None, 'rp': None, 'mt': None, 'lb': None, 'sp': None, 'db': None}	{'pc': None, 'cdf': None}	None	{'rt': None, 'pc': None, 'cdf': None, 'rw': None, 'rp': None, 'mt': None, 'lb': None, 'sp': None, 'db': None}	{'pc': None, 'cdf': None}	None	None	{'rt': None, 'pc': None, 'cdf': None, 'rw': None, 'rp': None, 'mt': None, 'lb': None, 'sp': None, 'db': None}	None	None	{'pc': None, 'cdf': None}	None	{'rt': None, 'pc': None, 'cdf': None, 'rw': None, 'rp': None, 'mt': None, 'lb': None, 'sp': None, 'db': None}	{'pc': None, 'cdf': None}	None	None	None	None	{'rt': None, 'pc': None, 'cdf': None, 'rw': None, 'rp': None, 'mt': None, 'lb': None, 'sp': None, 'db': None}	None	{'rt': None, 'pc': None, 'cdf': None, 'rw': None, 'rp': None, 'mt': None, 'lb': None, 'sp': None, 'db': None}	{'rt': None, 'pc': None, 'cdf': None, 'rw': None, 'rp': None, 'mt': None, 'lb': None, 'sp': None, 'db': None}	None	None	None	None	None	{'rt': None, 'pc': None, 'cdf': None, 'rw': None, 'rp': None, 'mt': None, 'lb': None, 'sp': None, 'db': None}	None	None	None	{'pc': None, 'cdf': None}	None	{'pc': None, 'cdf': None}	{'rt': None, 'pc': None, 'cdf': None, 'rw': None, 'rp': None, 'mt': None, 'lb': None, 'sp': None, 'db': None}	
973	None	None	None	None	None	None	None	None	None	None	None	None	None	None	None	None	None	None	None	None	None	None	None	None	None	None	None	None	None	{'rt': None, 'pc': None, 'cdf': None, 'rw': None, 'rp': None, 'mt': None, 'lb': None, 'sp': None, 'db': None}	{'rt': None, 'pc': None, 'cdf': None, 'rw': None, 'rp': None, 'mt': None, 'lb': None, 'sp': None, 'db': None}	None	None	None	None	None	None	{'rt': None, 'pc': None, 'cdf': None, 'rw': None, 'rp': None, 'mt': None, 'lb': None, 'sp': None, 'db': None}	None	None	None	{'rt': None, 'pc': None, 'cdf': None, 'rw': None, 'rp': None, 'mt': None, 'lb': None, 'sp': None, 'db': None}	None	None	None	None	None	{'rt': None, 'pc': None, 'cdf': None, 'rw': None, 'rp': None, 'mt': None, 'lb': None, 'sp': None, 'db': None}	{'pc': None, 'cdf': None}	None	{'rt': None, 'pc': None, 'cdf': None, 'rw': None, 'rp': None, 'mt': None, 'lb': None, 'sp': None, 'db': None}	{'pc': None, 'cdf': None}	None	None	{'rt': None, 'pc': None, 'cdf': None, 'rw': None, 'rp': None, 'mt': None, 'lb': None, 'sp': None, 'db': None}	None	None	{'pc': None, 'cdf': None}	None	{'rt': None, 'pc': None, 'cdf': None, 'rw': None, 'rp': None, 'mt': None, 'lb': None, 'sp': None, 'db': None}	{'pc': None, 'cdf': None}	None	None	None	None	{'rt': None, 'pc': None, 'cdf': None, 'rw': None, 'rp': None, 'mt': None, 'lb': None, 'sp': None, 'db': None}	None	{'rt': None, 'pc': None, 'cdf': None, 'rw': None, 'rp': None, 'mt': None, 'lb': None, 'sp': None, 'db': None}	{'rt': None, 'pc': None, 'cdf': None, 'rw': None, 'rp': None, 'mt': None, 'lb': None, 'sp': None, 'db': None}	None	None	None	None	None	{'rt': None, 'pc': None, 'cdf': None, 'rw': None, 'rp': None, 'mt': None, 'lb': None, 'sp': None, 'db': None}	None	None	None	{'pc': None, 'cdf': None}	None	{'pc': None, 'cdf': None}	{'rt': None, 'pc': None, 'cdf': None, 'rw': None, 'rp': None, 'mt': None, 'lb': None, 'sp': None, 'db': None}	
972	None	None	None	None	None	None	None	None	None	None	None	None	None	None	None	None	None	None	None	None	None	None	None	None	None	None	None	None	None	{'rt': None, 'pc': None, 'cdf': None, 'rw': None, 'rp': None, 'mt': None, 'lb': None, 'sp': None, 'db': None}	{'rt': None, 'pc': None, 'cdf': None, 'rw': None, 'rp': None, 'mt': None, 'lb': None, 'sp': None, 'db': None}	None	None	None	None	None	None	{'rt': None, 'pc': None, 'cdf': None, 'rw': None, 'rp': None, 'mt': None, 'lb': None, 'sp': None, 'db': None}	None	None	None	{'rt': None, 'pc': None, 'cdf': None, 'rw': None, 'rp': None, 'mt': None, 'lb': None, 'sp': None, 'db': None}	None	None	None	None	None	{'rt': None, 'pc': None, 'cdf': None, 'rw': None, 'rp': None, 'mt': None, 'lb': None, 'sp': None, 'db': None}	{'pc': None, 'cdf': None}	None	{'rt': None, 'pc': None, 'cdf': None, 'rw': None, 'rp': None, 'mt': None, 'lb': None, 'sp': None, 'db': None}	{'pc': None, 'cdf': None}	None	None	{'rt': None, 'pc': None, 'cdf': None, 'rw': None, 'rp': None, 'mt': None, 'lb': None, 'sp': None, 'db': None}	None	None	{'pc': None, 'cdf': None}	None	{'rt': None, 'pc': None, 'cdf': None, 'rw': None, 'rp': None, 'mt': None, 'lb': None, 'sp': None, 'db': None}	{'pc': None, 'cdf': None}	None	None	None	None	{'rt': None, 'pc': None, 'cdf': None, 'rw': None, 'rp': None, 'mt': None, 'lb': None, 'sp': None, 'db': None}	None	{'rt': None, 'pc': None, 'cdf': None, 'rw': None, 'rp': None, 'mt': None, 'lb': None, 'sp': None, 'db': None}	{'rt': None, 'pc': None, 'cdf': None, 'rw': None, 'rp': None, 'mt': None, 'lb': None, 'sp': None, 'db': None}	None	None	None	None	None	{'rt': None, 'pc': None, 'cdf': None, 'rw': None, 'rp': None, 'mt': None, 'lb': None, 'sp': None, 'db': None}	None	None	None	{'pc': None, 'cdf': None}	None	{'pc': None, 'cdf': None}	{'rt': None, 'pc': None, 'cdf': None, 'rw': None, 'rp': None, 'mt': None, 'lb': None, 'sp': None, 'db': None}	
1967	None	None	None	None	None	None	None	None	None	None	None	None	None	None	None	None	None	None	None	None	None	None	None	None	None	None	None	None	None	{'rt': None, 'pc': None, 'cdf': None, 'rw': None, 'rp': None, 'mt': None, 'lb': None, 'sp': None, 'db': None}	{'rt': None, 'pc': None, 'cdf': None, 'rw': None, 'rp': None, 'mt': None, 'lb': None, 'sp': None, 'db': None}	None	None	None	None	None	None	{'rt': None, 'pc': None, 'cdf': None, 'rw': None, 'rp': None, 'mt': None, 'lb': None, 'sp': None, 'db': None}	None	None	None	{'rt': None, 'pc': None, 'cdf': None, 'rw': None, 'rp': None, 'mt': None, 'lb': None, 'sp': None, 'db': None}	None	None	None	None	None	{'rt': None, 'pc': None, 'cdf': None, 'rw': None, 'rp': None, 'mt': None, 'lb': None, 'sp': None, 'db': None}	{'pc': None, 'cdf': None}	None	{'rt': None, 'pc': None, 'cdf': None, 'rw': None, 'rp': None, 'mt': None, 'lb': None, 'sp': None, 'db': None}	{'pc': None, 'cdf': None}	None	None	{'rt': None, 'pc': None, 'cdf': None, 'rw': None, 'rp': None, 'mt': None, 'lb': None, 'sp': None, 'db': None}	None	None	{'pc': None, 'cdf': None}	None	{'rt': None, 'pc': None, 'cdf': None, 'rw': None, 'rp': None, 'mt': None, 'lb': None, 'sp': None, 'db': None}	{'pc': None, 'cdf': None}	None	None	None	None	{'rt': None, 'pc': None, 'cdf': None, 'rw': None, 'rp': None, 'mt': None, 'lb': None, 'sp': None, 'db': None}	None	{'rt': None, 'pc': None, 'cdf': None, 'rw': None, 'rp': None, 'mt': None, 'lb': None, 'sp': None, 'db': None}	{'rt': None, 'pc': None, 'cdf': None, 'rw': None, 'rp': None, 'mt': None, 'lb': None, 'sp': None, 'db': None}	None	None	None	None	None	{'rt': None, 'pc': None, 'cdf': None, 'rw': None, 'rp': None, 'mt': None, 'lb': None, 'sp': None, 'db': None}	None	None	None	{'pc': None, 'cdf': None}	None	{'pc': None, 'cdf': None}	{'rt': None, 'pc': None, 'cdf': None, 'rw': None, 'rp': None, 'mt': None, 'lb': None, 'sp': None, 'db': None}	
3970	None	None	None	None	None	None	None	None	None	None	None	None	None	None	None	None	None	None	None	None	None	None	None	None	None	None	None	None	None	{'rt': None, 'pc': None, 'cdf': None, 'rw': None, 'rp': None, 'mt': None, 'lb': None, 'sp': None, 'db': None}	{'rt': None, 'pc': None, 'cdf': None, 'rw': None, 'rp': None, 'mt': None, 'lb': None, 'sp': None, 'db': None}	None	None	None	None	None	None	{'rt': None, 'pc': None, 'cdf': None, 'rw': None, 'rp': None, 'mt': None, 'lb': None, 'sp': None, 'db': None}	None	None	None	{'rt': None, 'pc': None, 'cdf': None, 'rw': None, 'rp': None, 'mt': None, 'lb': None, 'sp': None, 'db': None}	None	None	None	None	None	{'rt': None, 'pc': None, 'cdf': None, 'rw': None, 'rp': None, 'mt': None, 'lb': None, 'sp': None, 'db': None}	{'pc': None, 'cdf': None}	None	{'rt': None, 'pc': None, 'cdf': None, 'rw': None, 'rp': None, 'mt': None, 'lb': None, 'sp': None, 'db': None}	{'pc': None, 'cdf': None}	None	None	{'rt': None, 'pc': None, 'cdf': None, 'rw': None, 'rp': None, 'mt': None, 'lb': None, 'sp': None, 'db': None}	None	None	{'pc': None, 'cdf': None}	None	{'rt': None, 'pc': None, 'cdf': None, 'rw': None, 'rp': None, 'mt': None, 'lb': None, 'sp': None, 'db': None}	{'pc': None, 'cdf': None}	None	None	None	None	{'rt': None, 'pc': None, 'cdf': None, 'rw': None, 'rp': None, 'mt': None, 'lb': None, 'sp': None, 'db': None}	None	{'rt': None, 'pc': None, 'cdf': None, 'rw': None, 'rp': None, 'mt': None, 'lb': None, 'sp': None, 'db': None}	{'rt': None, 'pc': None, 'cdf': None, 'rw': None, 'rp': None, 'mt': None, 'lb': None, 'sp': None, 'db': None}	None	None	None	None	None	{'rt': None, 'pc': None, 'cdf': None, 'rw': None, 'rp': None, 'mt': None, 'lb': None, 'sp': None, 'db': None}	None	None	None	{'pc': None, 'cdf': None}	None	{'pc': None, 'cdf': None}	{'rt': None, 'pc': None, 'cdf': None, 'rw': None, 'rp': None, 'mt': None, 'lb': None, 'sp': None, 'db': None}	
1678	None	None	None	None	None	None	None	None	None	None	None	None	None	None	None	None	None	None	None	None	None	None	None	None	None	None	None	None	None	{'rt': None, 'pc': None, 'cdf': None, 'rw': None, 'rp': None, 'mt': None, 'lb': None, 'sp': None, 'db': None}	{'rt': None, 'pc': None, 'cdf': None, 'rw': None, 'rp': None, 'mt': None, 'lb': None, 'sp': None, 'db': None}	None	None	None	None	None	None	{'rt': None, 'pc': None, 'cdf': None, 'rw': None, 'rp': None, 'mt': None, 'lb': None, 'sp': None, 'db': None}	None	None	None	{'rt': None, 'pc': None, 'cdf': None, 'rw': None, 'rp': None, 'mt': None, 'lb': None, 'sp': None, 'db': None}	None	None	None	None	None	{'rt': None, 'pc': None, 'cdf': None, 'rw': None, 'rp': None, 'mt': None, 'lb': None, 'sp': None, 'db': None}	{'pc': None, 'cdf': None}	None	{'rt': None, 'pc': None, 'cdf': None, 'rw': None, 'rp': None, 'mt': None, 'lb': None, 'sp': None, 'db': None}	{'pc': None, 'cdf': None}	None	None	{'rt': None, 'pc': None, 'cdf': None, 'rw': None, 'rp': None, 'mt': None, 'lb': None, 'sp': None, 'db': None}	None	None	{'pc': None, 'cdf': None}	None	{'rt': None, 'pc': None, 'cdf': None, 'rw': None, 'rp': None, 'mt': None, 'lb': None, 'sp': None, 'db': None}	{'pc': None, 'cdf': None}	None	None	None	None	{'rt': None, 'pc': None, 'cdf': None, 'rw': None, 'rp': None, 'mt': None, 'lb': None, 'sp': None, 'db': None}	None	{'rt': None, 'pc': None, 'cdf': None, 'rw': None, 'rp': None, 'mt': None, 'lb': None, 'sp': None, 'db': None}	{'rt': None, 'pc': None, 'cdf': None, 'rw': None, 'rp': None, 'mt': None, 'lb': None, 'sp': None, 'db': None}	None	None	None	None	None	{'rt': None, 'pc': None, 'cdf': None, 'rw': None, 'rp': None, 'mt': None, 'lb': None, 'sp': None, 'db': None}	None	None	None	{'pc': None, 'cdf': None}	None	{'pc': None, 'cdf': None}	{'rt': None, 'pc': None, 'cdf': None, 'rw': None, 'rp': None, 'mt': None, 'lb': None, 'sp': None, 'db': None}	
2073	None	None	None	None	None	None	None	None	None	None	None	None	None	None	None	None	None	None	None	None	None	None	None	None	None	None	None	None	None	{'rt': None, 'pc': None, 'cdf': None, 'rw': None, 'rp': None, 'mt': None, 'lb': None, 'sp': None, 'db': None}	{'rt': None, 'pc': None, 'cdf': None, 'rw': None, 'rp': None, 'mt': None, 'lb': None, 'sp': None, 'db': None}	None	None	None	None	None	None	{'rt': None, 'pc': None, 'cdf': None, 'rw': None, 'rp': None, 'mt': None, 'lb': None, 'sp': None, 'db': None}	None	None	None	{'rt': None, 'pc': None, 'cdf': None, 'rw': None, 'rp': None, 'mt': None, 'lb': None, 'sp': None, 'db': None}	None	None	None	None	None	{'rt': None, 'pc': None, 'cdf': None, 'rw': None, 'rp': None, 'mt': None, 'lb': None, 'sp': None, 'db': None}	{'pc': None, 'cdf': None}	None	{'rt': None, 'pc': None, 'cdf': None, 'rw': None, 'rp': None, 'mt': None, 'lb': None, 'sp': None, 'db': None}	{'pc': None, 'cdf': None}	None	None	{'rt': None, 'pc': None, 'cdf': None, 'rw': None, 'rp': None, 'mt': None, 'lb': None, 'sp': None, 'db': None}	None	None	{'pc': None, 'cdf': None}	None	{'rt': None, 'pc': None, 'cdf': None, 'rw': None, 'rp': None, 'mt': None, 'lb': None, 'sp': None, 'db': None}	{'pc': None, 'cdf': None}	None	None	None	None	{'rt': None, 'pc': None, 'cdf': None, 'rw': None, 'rp': None, 'mt': None, 'lb': None, 'sp': None, 'db': None}	None	{'rt': None, 'pc': None, 'cdf': None, 'rw': None, 'rp': None, 'mt': None, 'lb': None, 'sp': None, 'db': None}	{'rt': None, 'pc': None, 'cdf': None, 'rw': None, 'rp': None, 'mt': None, 'lb': None, 'sp': None, 'db': None}	None	None	None	None	None	{'rt': None, 'pc': None, 'cdf': None, 'rw': None, 'rp': None, 'mt': None, 'lb': None, 'sp': None, 'db': None}	None	None	None	{'pc': None, 'cdf': None}	None	{'pc': None, 'cdf': None}	{'rt': None, 'pc': None, 'cdf': None, 'rw': None, 'rp': None, 'mt': None, 'lb': None, 'sp': None, 'db': None}	
8	None	None	None	None	None	None	None	None	None	None	None	None	None	None	None	None	None	None	None	None	None	None	None	None	None	None	None	None	None	{'rt': None, 'pc': None, 'cdf': None, 'rw': None, 'rp': None, 'mt': None, 'lb': None, 'sp': None, 'db': None}	{'rt': None, 'pc': None, 'cdf': None, 'rw': None, 'rp': None, 'mt': None, 'lb': None, 'sp': None, 'db': None}	None	None	None	None	None	None	{'rt': None, 'pc': None, 'cdf': None, 'rw': None, 'rp': None, 'mt': None, 'lb': None, 'sp': None, 'db': None}	None	None	None	{'rt': None, 'pc': None, 'cdf': None, 'rw': None, 'rp': None, 'mt': None, 'lb': None, 'sp': None, 'db': None}	None	None	None	None	None	{'rt': None, 'pc': None, 'cdf': None, 'rw': None, 'rp': None, 'mt': None, 'lb': None, 'sp': None, 'db': None}	{'pc': None, 'cdf': None}	None	{'rt': None, 'pc': None, 'cdf': None, 'rw': None, 'rp': None, 'mt': None, 'lb': None, 'sp': None, 'db': None}	{'pc': None, 'cdf': None}	None	None	{'rt': None, 'pc': None, 'cdf': None, 'rw': None, 'rp': None, 'mt': None, 'lb': None, 'sp': None, 'db': None}	None	None	{'pc': None, 'cdf': None}	None	{'rt': None, 'pc': None, 'cdf': None, 'rw': None, 'rp': None, 'mt': None, 'lb': None, 'sp': None, 'db': None}	{'pc': None, 'cdf': None}	None	None	None	None	{'rt': None, 'pc': None, 'cdf': None, 'rw': None, 'rp': None, 'mt': None, 'lb': None, 'sp': None, 'db': None}	None	{'rt': None, 'pc': None, 'cdf': None, 'rw': None, 'rp': None, 'mt': None, 'lb': None, 'sp': None, 'db': None}	{'rt': None, 'pc': None, 'cdf': None, 'rw': None, 'rp': None, 'mt': None, 'lb': None, 'sp': None, 'db': None}	None	None	None	None	None	{'rt': None, 'pc': None, 'cdf': None, 'rw': None, 'rp': None, 'mt': None, 'lb': None, 'sp': None, 'db': None}	None	None	None	{'pc': None, 'cdf': None}	None	{'pc': None, 'cdf': None}	{'rt': None, 'pc': None, 'cdf': None, 'rw': None, 'rp': None, 'mt': None, 'lb': None, 'sp': None, 'db': None}	
812	None	None	None	None	None	None	None	None	None	None	None	None	None	None	None	None	None	None	None	None	None	None	None	None	None	None	None	None	None	{'rt': None, 'pc': None, 'cdf': None, 'rw': None, 'rp': None, 'mt': None, 'lb': None, 'sp': None, 'db': None}	{'rt': None, 'pc': None, 'cdf': None, 'rw': None, 'rp': None, 'mt': None, 'lb': None, 'sp': None, 'db': None}	None	None	None	None	None	None	{'rt': None, 'pc': None, 'cdf': None, 'rw': None, 'rp': None, 'mt': None, 'lb': None, 'sp': None, 'db': None}	None	None	None	{'rt': None, 'pc': None, 'cdf': None, 'rw': None, 'rp': None, 'mt': None, 'lb': None, 'sp': None, 'db': None}	None	None	None	None	None	{'rt': None, 'pc': None, 'cdf': None, 'rw': None, 'rp': None, 'mt': None, 'lb': None, 'sp': None, 'db': None}	{'pc': None, 'cdf': None}	None	{'rt': None, 'pc': None, 'cdf': None, 'rw': None, 'rp': None, 'mt': None, 'lb': None, 'sp': None, 'db': None}	{'pc': None, 'cdf': None}	None	None	{'rt': None, 'pc': None, 'cdf': None, 'rw': None, 'rp': None, 'mt': None, 'lb': None, 'sp': None, 'db': None}	None	None	{'pc': None, 'cdf': None}	None	{'rt': None, 'pc': None, 'cdf': None, 'rw': None, 'rp': None, 'mt': None, 'lb': None, 'sp': None, 'db': None}	{'pc': None, 'cdf': None}	None	None	None	None	{'rt': None, 'pc': None, 'cdf': None, 'rw': None, 'rp': None, 'mt': None, 'lb': None, 'sp': None, 'db': None}	None	{'rt': None, 'pc': None, 'cdf': None, 'rw': None, 'rp': None, 'mt': None, 'lb': None, 'sp': None, 'db': None}	{'rt': None, 'pc': None, 'cdf': None, 'rw': None, 'rp': None, 'mt': None, 'lb': None, 'sp': None, 'db': None}	None	None	None	None	None	{'rt': None, 'pc': None, 'cdf': None, 'rw': None, 'rp': None, 'mt': None, 'lb': None, 'sp': None, 'db': None}	None	None	None	{'pc': None, 'cdf': None}	None	{'pc': None, 'cdf': None}	{'rt': None, 'pc': None, 'cdf': None, 'rw': None, 'rp': None, 'mt': None, 'lb': None, 'sp': None, 'db': None}	
1671	None	None	None	None	None	None	None	None	None	None	None	None	None	None	None	None	None	None	None	None	None	None	None	None	None	None	None	None	None	{'rt': None, 'pc': None, 'cdf': None, 'rw': None, 'rp': None, 'mt': None, 'lb': None, 'sp': None, 'db': None}	{'rt': None, 'pc': None, 'cdf': None, 'rw': None, 'rp': None, 'mt': None, 'lb': None, 'sp': None, 'db': None}	None	None	None	None	None	None	{'rt': None, 'pc': None, 'cdf': None, 'rw': None, 'rp': None, 'mt': None, 'lb': None, 'sp': None, 'db': None}	None	None	None	{'rt': None, 'pc': None, 'cdf': None, 'rw': None, 'rp': None, 'mt': None, 'lb': None, 'sp': None, 'db': None}	None	None	None	None	None	{'rt': None, 'pc': None, 'cdf': None, 'rw': None, 'rp': None, 'mt': None, 'lb': None, 'sp': None, 'db': None}	{'pc': None, 'cdf': None}	None	{'rt': None, 'pc': None, 'cdf': None, 'rw': None, 'rp': None, 'mt': None, 'lb': None, 'sp': None, 'db': None}	{'pc': None, 'cdf': None}	None	None	{'rt': None, 'pc': None, 'cdf': None, 'rw': None, 'rp': None, 'mt': None, 'lb': None, 'sp': None, 'db': None}	None	None	{'pc': None, 'cdf': None}	None	{'rt': None, 'pc': None, 'cdf': None, 'rw': None, 'rp': None, 'mt': None, 'lb': None, 'sp': None, 'db': None}	{'pc': None, 'cdf': None}	None	None	None	None	{'rt': None, 'pc': None, 'cdf': None, 'rw': None, 'rp': None, 'mt': None, 'lb': None, 'sp': None, 'db': None}	None	{'rt': None, 'pc': None, 'cdf': None, 'rw': None, 'rp': None, 'mt': None, 'lb': None, 'sp': None, 'db': None}	{'rt': None, 'pc': None, 'cdf': None, 'rw': None, 'rp': None, 'mt': None, 'lb': None, 'sp': None, 'db': None}	None	None	None	None	None	{'rt': None, 'pc': None, 'cdf': None, 'rw': None, 'rp': None, 'mt': None, 'lb': None, 'sp': None, 'db': None}	None	None	None	{'pc': None, 'cdf': None}	None	{'pc': None, 'cdf': None}	{'rt': None, 'pc': None, 'cdf': None, 'rw': None, 'rp': None, 'mt': None, 'lb': None, 'sp': None, 'db': None}	
3859	None	None	None	None	None	None	None	None	None	None	None	None	None	None	None	None	None	None	None	None	None	None	None	None	None	None	None	None	None	{'rt': None, 'pc': None, 'cdf': None, 'rw': None, 'rp': None, 'mt': None, 'lb': None, 'sp': None, 'db': None}	{'rt': None, 'pc': None, 'cdf': None, 'rw': None, 'rp': None, 'mt': None, 'lb': None, 'sp': None, 'db': None}	None	None	None	None	None	None	{'rt': None, 'pc': None, 'cdf': None, 'rw': None, 'rp': None, 'mt': None, 'lb': None, 'sp': None, 'db': None}	None	None	None	{'rt': None, 'pc': None, 'cdf': None, 'rw': None, 'rp': None, 'mt': None, 'lb': None, 'sp': None, 'db': None}	None	None	None	None	None	{'rt': None, 'pc': None, 'cdf': None, 'rw': None, 'rp': None, 'mt': None, 'lb': None, 'sp': None, 'db': None}	{'pc': None, 'cdf': None}	None	{'rt': None, 'pc': None, 'cdf': None, 'rw': None, 'rp': None, 'mt': None, 'lb': None, 'sp': None, 'db': None}	{'pc': None, 'cdf': None}	None	None	{'rt': None, 'pc': None, 'cdf': None, 'rw': None, 'rp': None, 'mt': None, 'lb': None, 'sp': None, 'db': None}	None	None	{'pc': None, 'cdf': None}	None	{'rt': None, 'pc': None, 'cdf': None, 'rw': None, 'rp': None, 'mt': None, 'lb': None, 'sp': None, 'db': None}	{'pc': None, 'cdf': None}	None	None	None	None	{'rt': None, 'pc': None, 'cdf': None, 'rw': None, 'rp': None, 'mt': None, 'lb': None, 'sp': None, 'db': None}	None	{'rt': None, 'pc': None, 'cdf': None, 'rw': None, 'rp': None, 'mt': None, 'lb': None, 'sp': None, 'db': None}	{'rt': None, 'pc': None, 'cdf': None, 'rw': None, 'rp': None, 'mt': None, 'lb': None, 'sp': None, 'db': None}	None	None	None	None	None	{'rt': None, 'pc': None, 'cdf': None, 'rw': None, 'rp': None, 'mt': None, 'lb': None, 'sp': None, 'db': None}	None	None	None	{'pc': None, 'cdf': None}	None	{'pc': None, 'cdf': None}	{'rt': None, 'pc': None, 'cdf': None, 'rw': None, 'rp': None, 'mt': None, 'lb': None, 'sp': None, 'db': None}	
751	None	None	None	None	None	None	None	None	None	None	None	None	None	None	None	None	None	None	None	None	None	None	None	None	None	None	None	None	None	{'rt': None, 'pc': None, 'cdf': None, 'rw': None, 'rp': None, 'mt': None, 'lb': None, 'sp': None, 'db': None}	{'rt': None, 'pc': None, 'cdf': None, 'rw': None, 'rp': None, 'mt': None, 'lb': None, 'sp': None, 'db': None}	None	None	None	None	None	None	{'rt': None, 'pc': None, 'cdf': None, 'rw': None, 'rp': None, 'mt': None, 'lb': None, 'sp': None, 'db': None}	None	None	None	{'rt': None, 'pc': None, 'cdf': None, 'rw': None, 'rp': None, 'mt': None, 'lb': None, 'sp': None, 'db': None}	None	None	None	None	None	{'rt': None, 'pc': None, 'cdf': None, 'rw': None, 'rp': None, 'mt': None, 'lb': None, 'sp': None, 'db': None}	{'pc': None, 'cdf': None}	None	{'rt': None, 'pc': None, 'cdf': None, 'rw': None, 'rp': None, 'mt': None, 'lb': None, 'sp': None, 'db': None}	{'pc': None, 'cdf': None}	None	None	{'rt': None, 'pc': None, 'cdf': None, 'rw': None, 'rp': None, 'mt': None, 'lb': None, 'sp': None, 'db': None}	None	None	{'pc': None, 'cdf': None}	None	{'rt': None, 'pc': None, 'cdf': None, 'rw': None, 'rp': None, 'mt': None, 'lb': None, 'sp': None, 'db': None}	{'pc': None, 'cdf': None}	None	None	None	None	{'rt': None, 'pc': None, 'cdf': None, 'rw': None, 'rp': None, 'mt': None, 'lb': None, 'sp': None, 'db': None}	None	{'rt': None, 'pc': None, 'cdf': None, 'rw': None, 'rp': None, 'mt': None, 'lb': None, 'sp': None, 'db': None}	{'rt': None, 'pc': None, 'cdf': None, 'rw': None, 'rp': None, 'mt': None, 'lb': None, 'sp': None, 'db': None}	None	None	None	None	None	{'rt': None, 'pc': None, 'cdf': None, 'rw': None, 'rp': None, 'mt': None, 'lb': None, 'sp': None, 'db': None}	None	None	None	{'pc': None, 'cdf': None}	None	{'pc': None, 'cdf': None}	{'rt': None, 'pc': None, 'cdf': None, 'rw': None, 'rp': None, 'mt': None, 'lb': None, 'sp': None, 'db': None}	
585	None	None	None	None	None	None	None	None	None	None	None	None	None	None	None	None	None	None	None	None	None	None	None	None	None	None	None	None	None	{'rt': None, 'pc': None, 'cdf': None, 'rw': None, 'rp': None, 'mt': None, 'lb': None, 'sp': None, 'db': None}	{'rt': None, 'pc': None, 'cdf': None, 'rw': None, 'rp': None, 'mt': None, 'lb': None, 'sp': None, 'db': None}	None	None	None	None	None	None	{'rt': None, 'pc': None, 'cdf': None, 'rw': None, 'rp': None, 'mt': None, 'lb': None, 'sp': None, 'db': None}	None	None	None	{'rt': None, 'pc': None, 'cdf': None, 'rw': None, 'rp': None, 'mt': None, 'lb': None, 'sp': None, 'db': None}	None	None	None	None	None	{'rt': None, 'pc': None, 'cdf': None, 'rw': None, 'rp': None, 'mt': None, 'lb': None, 'sp': None, 'db': None}	{'pc': None, 'cdf': None}	None	{'rt': None, 'pc': None, 'cdf': None, 'rw': None, 'rp': None, 'mt': None, 'lb': None, 'sp': None, 'db': None}	{'pc': None, 'cdf': None}	None	None	{'rt': None, 'pc': None, 'cdf': None, 'rw': None, 'rp': None, 'mt': None, 'lb': None, 'sp': None, 'db': None}	None	None	{'pc': None, 'cdf': None}	None	{'rt': None, 'pc': None, 'cdf': None, 'rw': None, 'rp': None, 'mt': None, 'lb': None, 'sp': None, 'db': None}	{'pc': None, 'cdf': None}	None	None	None	None	{'rt': None, 'pc': None, 'cdf': None, 'rw': None, 'rp': None, 'mt': None, 'lb': None, 'sp': None, 'db': None}	None	{'rt': None, 'pc': None, 'cdf': None, 'rw': None, 'rp': None, 'mt': None, 'lb': None, 'sp': None, 'db': None}	{'rt': None, 'pc': None, 'cdf': None, 'rw': None, 'rp': None, 'mt': None, 'lb': None, 'sp': None, 'db': None}	None	None	None	None	None	{'rt': None, 'pc': None, 'cdf': None, 'rw': None, 'rp': None, 'mt': None, 'lb': None, 'sp': None, 'db': None}	None	None	None	{'pc': None, 'cdf': None}	None	{'pc': None, 'cdf': None}	{'rt': None, 'pc': None, 'cdf': None, 'rw': None, 'rp': None, 'mt': None, 'lb': None, 'sp': None, 'db': None}	
5852	None	None	None	None	None	None	None	None	None	None	None	None	None	None	None	None	None	None	None	None	None	None	None	None	None	None	None	None	None	{'rt': None, 'pc': None, 'cdf': None, 'rw': None, 'rp': None, 'mt': None, 'lb': None, 'sp': None, 'db': None}	{'rt': None, 'pc': None, 'cdf': None, 'rw': None, 'rp': None, 'mt': None, 'lb': None, 'sp': None, 'db': None}	None	None	None	None	None	None	{'rt': None, 'pc': None, 'cdf': None, 'rw': None, 'rp': None, 'mt': None, 'lb': None, 'sp': None, 'db': None}	None	None	None	{'rt': None, 'pc': None, 'cdf': None, 'rw': None, 'rp': None, 'mt': None, 'lb': None, 'sp': None, 'db': None}	None	None	None	None	None	{'rt': None, 'pc': None, 'cdf': None, 'rw': None, 'rp': None, 'mt': None, 'lb': None, 'sp': None, 'db': None}	{'pc': None, 'cdf': None}	None	{'rt': None, 'pc': None, 'cdf': None, 'rw': None, 'rp': None, 'mt': None, 'lb': None, 'sp': None, 'db': None}	{'pc': None, 'cdf': None}	None	None	{'rt': None, 'pc': None, 'cdf': None, 'rw': None, 'rp': None, 'mt': None, 'lb': None, 'sp': None, 'db': None}	None	None	{'pc': None, 'cdf': None}	None	{'rt': None, 'pc': None, 'cdf': None, 'rw': None, 'rp': None, 'mt': None, 'lb': None, 'sp': None, 'db': None}	{'pc': None, 'cdf': None}	None	None	None	None	{'rt': None, 'pc': None, 'cdf': None, 'rw': None, 'rp': None, 'mt': None, 'lb': None, 'sp': None, 'db': None}	None	{'rt': None, 'pc': None, 'cdf': None, 'rw': None, 'rp': None, 'mt': None, 'lb': None, 'sp': None, 'db': None}	{'rt': None, 'pc': None, 'cdf': None, 'rw': None, 'rp': None, 'mt': None, 'lb': None, 'sp': None, 'db': None}	None	None	None	None	None	{'rt': None, 'pc': None, 'cdf': None, 'rw': None, 'rp': None, 'mt': None, 'lb': None, 'sp': None, 'db': None}	None	None	None	{'pc': None, 'cdf': None}	None	{'pc': None, 'cdf': None}	{'rt': None, 'pc': None, 'cdf': None, 'rw': None, 'rp': None, 'mt': None, 'lb': None, 'sp': None, 'db': None}	
2813	None	None	None	None	None	None	None	None	None	None	None	None	None	None	None	None	None	None	None	None	None	None	None	None	None	None	None	None	None	{'rt': None, 'pc': None, 'cdf': None, 'rw': None, 'rp': None, 'mt': None, 'lb': None, 'sp': None, 'db': None}	{'rt': None, 'pc': None, 'cdf': None, 'rw': None, 'rp': None, 'mt': None, 'lb': None, 'sp': None, 'db': None}	None	None	None	None	None	None	{'rt': None, 'pc': None, 'cdf': None, 'rw': None, 'rp': None, 'mt': None, 'lb': None, 'sp': None, 'db': None}	None	None	None	{'rt': None, 'pc': None, 'cdf': None, 'rw': None, 'rp': None, 'mt': None, 'lb': None, 'sp': None, 'db': None}	None	None	None	None	None	{'rt': None, 'pc': None, 'cdf': None, 'rw': None, 'rp': None, 'mt': None, 'lb': None, 'sp': None, 'db': None}	{'pc': None, 'cdf': None}	None	{'rt': None, 'pc': None, 'cdf': None, 'rw': None, 'rp': None, 'mt': None, 'lb': None, 'sp': None, 'db': None}	{'pc': None, 'cdf': None}	None	None	{'rt': None, 'pc': None, 'cdf': None, 'rw': None, 'rp': None, 'mt': None, 'lb': None, 'sp': None, 'db': None}	None	None	{'pc': None, 'cdf': None}	None	{'rt': None, 'pc': None, 'cdf': None, 'rw': None, 'rp': None, 'mt': None, 'lb': None, 'sp': None, 'db': None}	{'pc': None, 'cdf': None}	None	None	None	None	{'rt': None, 'pc': None, 'cdf': None, 'rw': None, 'rp': None, 'mt': None, 'lb': None, 'sp': None, 'db': None}	None	{'rt': None, 'pc': None, 'cdf': None, 'rw': None, 'rp': None, 'mt': None, 'lb': None, 'sp': None, 'db': None}	{'rt': None, 'pc': None, 'cdf': None, 'rw': None, 'rp': None, 'mt': None, 'lb': None, 'sp': None, 'db': None}	None	None	None	None	None	{'rt': None, 'pc': None, 'cdf': None, 'rw': None, 'rp': None, 'mt': None, 'lb': None, 'sp': None, 'db': None}	None	None	None	{'pc': None, 'cdf': None}	None	{'pc': None, 'cdf': None}	{'rt': None, 'pc': None, 'cdf': None, 'rw': None, 'rp': None, 'mt': None, 'lb': None, 'sp': None, 'db': None}	
4255	None	None	None	None	None	None	None	None	None	None	None	None	None	None	None	None	None	None	None	None	None	None	None	None	None	None	None	None	None	{'rt': None, 'pc': None, 'cdf': None, 'rw': None, 'rp': None, 'mt': None, 'lb': None, 'sp': None, 'db': None}	{'rt': None, 'pc': None, 'cdf': None, 'rw': None, 'rp': None, 'mt': None, 'lb': None, 'sp': None, 'db': None}	None	None	None	None	None	None	{'rt': None, 'pc': None, 'cdf': None, 'rw': None, 'rp': None, 'mt': None, 'lb': None, 'sp': None, 'db': None}	None	None	None	{'rt': None, 'pc': None, 'cdf': None, 'rw': None, 'rp': None, 'mt': None, 'lb': None, 'sp': None, 'db': None}	None	None	None	None	None	{'rt': None, 'pc': None, 'cdf': None, 'rw': None, 'rp': None, 'mt': None, 'lb': None, 'sp': None, 'db': None}	{'pc': None, 'cdf': None}	None	{'rt': None, 'pc': None, 'cdf': None, 'rw': None, 'rp': None, 'mt': None, 'lb': None, 'sp': None, 'db': None}	{'pc': None, 'cdf': None}	None	None	{'rt': None, 'pc': None, 'cdf': None, 'rw': None, 'rp': None, 'mt': None, 'lb': None, 'sp': None, 'db': None}	None	None	{'pc': None, 'cdf': None}	None	{'rt': None, 'pc': None, 'cdf': None, 'rw': None, 'rp': None, 'mt': None, 'lb': None, 'sp': None, 'db': None}	{'pc': None, 'cdf': None}	None	None	None	None	{'rt': None, 'pc': None, 'cdf': None, 'rw': None, 'rp': None, 'mt': None, 'lb': None, 'sp': None, 'db': None}	None	{'rt': None, 'pc': None, 'cdf': None, 'rw': None, 'rp': None, 'mt': None, 'lb': None, 'sp': None, 'db': None}	{'rt': None, 'pc': None, 'cdf': None, 'rw': None, 'rp': None, 'mt': None, 'lb': None, 'sp': None, 'db': None}	None	None	None	None	None	{'rt': None, 'pc': None, 'cdf': None, 'rw': None, 'rp': None, 'mt': None, 'lb': None, 'sp': None, 'db': None}	None	None	None	{'pc': None, 'cdf': None}	None	{'pc': None, 'cdf': None}	{'rt': None, 'pc': None, 'cdf': None, 'rw': None, 'rp': None, 'mt': None, 'lb': None, 'sp': None, 'db': None}	
2761	None	None	None	None	None	None	None	None	None	None	None	None	None	None	None	None	None	None	None	None	None	None	None	None	None	None	None	None	None	{'rt': None, 'pc': None, 'cdf': None, 'rw': None, 'rp': None, 'mt': None, 'lb': None, 'sp': None, 'db': None}	{'rt': None, 'pc': None, 'cdf': None, 'rw': None, 'rp': None, 'mt': None, 'lb': None, 'sp': None, 'db': None}	None	None	None	None	None	None	{'rt': None, 'pc': None, 'cdf': None, 'rw': None, 'rp': None, 'mt': None, 'lb': None, 'sp': None, 'db': None}	None	None	None	{'rt': None, 'pc': None, 'cdf': None, 'rw': None, 'rp': None, 'mt': None, 'lb': None, 'sp': None, 'db': None}	None	None	None	None	None	{'rt': None, 'pc': None, 'cdf': None, 'rw': None, 'rp': None, 'mt': None, 'lb': None, 'sp': None, 'db': None}	{'pc': None, 'cdf': None}	None	{'rt': None, 'pc': None, 'cdf': None, 'rw': None, 'rp': None, 'mt': None, 'lb': None, 'sp': None, 'db': None}	{'pc': None, 'cdf': None}	None	None	{'rt': None, 'pc': None, 'cdf': None, 'rw': None, 'rp': None, 'mt': None, 'lb': None, 'sp': None, 'db': None}	None	None	{'pc': None, 'cdf': None}	None	{'rt': None, 'pc': None, 'cdf': None, 'rw': None, 'rp': None, 'mt': None, 'lb': None, 'sp': None, 'db': None}	{'pc': None, 'cdf': None}	None	None	None	None	{'rt': None, 'pc': None, 'cdf': None, 'rw': None, 'rp': None, 'mt': None, 'lb': None, 'sp': None, 'db': None}	None	{'rt': None, 'pc': None, 'cdf': None, 'rw': None, 'rp': None, 'mt': None, 'lb': None, 'sp': None, 'db': None}	{'rt': None, 'pc': None, 'cdf': None, 'rw': None, 'rp': None, 'mt': None, 'lb': None, 'sp': None, 'db': None}	None	None	None	None	None	{'rt': None, 'pc': None, 'cdf': None, 'rw': None, 'rp': None, 'mt': None, 'lb': None, 'sp': None, 'db': None}	None	None	None	{'pc': None, 'cdf': None}	None	{'pc': None, 'cdf': None}	{'rt': None, 'pc': None, 'cdf': None, 'rw': None, 'rp': None, 'mt': None, 'lb': None, 'sp': None, 'db': None}	
2643	None	None	None	None	None	None	None	None	None	None	None	None	None	None	None	None	None	None	None	None	None	None	None	None	None	None	None	None	None	{'rt': None, 'pc': None, 'cdf': None, 'rw': None, 'rp': None, 'mt': None, 'lb': None, 'sp': None, 'db': None}	{'rt': None, 'pc': None, 'cdf': None, 'rw': None, 'rp': None, 'mt': None, 'lb': None, 'sp': None, 'db': None}	None	None	None	None	None	None	{'rt': None, 'pc': None, 'cdf': None, 'rw': None, 'rp': None, 'mt': None, 'lb': None, 'sp': None, 'db': None}	None	None	None	{'rt': None, 'pc': None, 'cdf': None, 'rw': None, 'rp': None, 'mt': None, 'lb': None, 'sp': None, 'db': None}	None	None	None	None	None	{'rt': None, 'pc': None, 'cdf': None, 'rw': None, 'rp': None, 'mt': None, 'lb': None, 'sp': None, 'db': None}	{'pc': None, 'cdf': None}	None	{'rt': None, 'pc': None, 'cdf': None, 'rw': None, 'rp': None, 'mt': None, 'lb': None, 'sp': None, 'db': None}	{'pc': None, 'cdf': None}	None	None	{'rt': None, 'pc': None, 'cdf': None, 'rw': None, 'rp': None, 'mt': None, 'lb': None, 'sp': None, 'db': None}	None	None	{'pc': None, 'cdf': None}	None	{'rt': None, 'pc': None, 'cdf': None, 'rw': None, 'rp': None, 'mt': None, 'lb': None, 'sp': None, 'db': None}	{'pc': None, 'cdf': None}	None	None	None	None	{'rt': None, 'pc': None, 'cdf': None, 'rw': None, 'rp': None, 'mt': None, 'lb': None, 'sp': None, 'db': None}	None	{'rt': None, 'pc': None, 'cdf': None, 'rw': None, 'rp': None, 'mt': None, 'lb': None, 'sp': None, 'db': None}	{'rt': None, 'pc': None, 'cdf': None, 'rw': None, 'rp': None, 'mt': None, 'lb': None, 'sp': None, 'db': None}	None	None	None	None	None	{'rt': None, 'pc': None, 'cdf': None, 'rw': None, 'rp': None, 'mt': None, 'lb': None, 'sp': None, 'db': None}	None	None	None	{'pc': None, 'cdf': None}	None	{'pc': None, 'cdf': None}	{'rt': None, 'pc': None, 'cdf': None, 'rw': None, 'rp': None, 'mt': None, 'lb': None, 'sp': None, 'db': None}	
670	None	None	None	None	None	None	None	None	None	None	None	None	None	None	None	None	None	None	None	None	None	None	None	None	None	None	None	None	None	{'rt': None, 'pc': None, 'cdf': None, 'rw': None, 'rp': None, 'mt': None, 'lb': None, 'sp': None, 'db': None}	{'rt': None, 'pc': None, 'cdf': None, 'rw': None, 'rp': None, 'mt': None, 'lb': None, 'sp': None, 'db': None}	None	None	None	None	None	None	{'rt': None, 'pc': None, 'cdf': None, 'rw': None, 'rp': None, 'mt': None, 'lb': None, 'sp': None, 'db': None}	None	None	None	{'rt': None, 'pc': None, 'cdf': None, 'rw': None, 'rp': None, 'mt': None, 'lb': None, 'sp': None, 'db': None}	None	None	None	None	None	{'rt': None, 'pc': None, 'cdf': None, 'rw': None, 'rp': None, 'mt': None, 'lb': None, 'sp': None, 'db': None}	{'pc': None, 'cdf': None}	None	{'rt': None, 'pc': None, 'cdf': None, 'rw': None, 'rp': None, 'mt': None, 'lb': None, 'sp': None, 'db': None}	{'pc': None, 'cdf': None}	None	None	{'rt': None, 'pc': None, 'cdf': None, 'rw': None, 'rp': None, 'mt': None, 'lb': None, 'sp': None, 'db': None}	None	None	{'pc': None, 'cdf': None}	None	{'rt': None, 'pc': None, 'cdf': None, 'rw': None, 'rp': None, 'mt': None, 'lb': None, 'sp': None, 'db': None}	{'pc': None, 'cdf': None}	None	None	None	None	{'rt': None, 'pc': None, 'cdf': None, 'rw': None, 'rp': None, 'mt': None, 'lb': None, 'sp': None, 'db': None}	None	{'rt': None, 'pc': None, 'cdf': None, 'rw': None, 'rp': None, 'mt': None, 'lb': None, 'sp': None, 'db': None}	{'rt': None, 'pc': None, 'cdf': None, 'rw': None, 'rp': None, 'mt': None, 'lb': None, 'sp': None, 'db': None}	None	None	None	None	None	{'rt': None, 'pc': None, 'cdf': None, 'rw': None, 'rp': None, 'mt': None, 'lb': None, 'sp': None, 'db': None}	None	None	None	{'pc': None, 'cdf': None}	None	{'pc': None, 'cdf': None}	{'rt': None, 'pc': None, 'cdf': None, 'rw': None, 'rp': None, 'mt': None, 'lb': None, 'sp': None, 'db': None}	
2135	None	None	None	None	None	None	None	None	None	None	None	None	None	None	None	None	None	None	None	None	None	None	None	None	None	None	None	None	None	{'rt': None, 'pc': None, 'cdf': None, 'rw': None, 'rp': None, 'mt': None, 'lb': None, 'sp': None, 'db': None}	{'rt': None, 'pc': None, 'cdf': None, 'rw': None, 'rp': None, 'mt': None, 'lb': None, 'sp': None, 'db': None}	None	None	None	None	None	None	{'rt': None, 'pc': None, 'cdf': None, 'rw': None, 'rp': None, 'mt': None, 'lb': None, 'sp': None, 'db': None}	None	None	None	{'rt': None, 'pc': None, 'cdf': None, 'rw': None, 'rp': None, 'mt': None, 'lb': None, 'sp': None, 'db': None}	None	None	None	None	None	{'rt': None, 'pc': None, 'cdf': None, 'rw': None, 'rp': None, 'mt': None, 'lb': None, 'sp': None, 'db': None}	{'pc': None, 'cdf': None}	None	{'rt': None, 'pc': None, 'cdf': None, 'rw': None, 'rp': None, 'mt': None, 'lb': None, 'sp': None, 'db': None}	{'pc': None, 'cdf': None}	None	None	{'rt': None, 'pc': None, 'cdf': None, 'rw': None, 'rp': None, 'mt': None, 'lb': None, 'sp': None, 'db': None}	None	None	{'pc': None, 'cdf': None}	None	{'rt': None, 'pc': None, 'cdf': None, 'rw': None, 'rp': None, 'mt': None, 'lb': None, 'sp': None, 'db': None}	{'pc': None, 'cdf': None}	None	None	None	None	{'rt': None, 'pc': None, 'cdf': None, 'rw': None, 'rp': None, 'mt': None, 'lb': None, 'sp': None, 'db': None}	None	{'rt': None, 'pc': None, 'cdf': None, 'rw': None, 'rp': None, 'mt': None, 'lb': None, 'sp': None, 'db': None}	{'rt': None, 'pc': None, 'cdf': None, 'rw': None, 'rp': None, 'mt': None, 'lb': None, 'sp': None, 'db': None}	None	None	None	None	None	{'rt': None, 'pc': None, 'cdf': None, 'rw': None, 'rp': None, 'mt': None, 'lb': None, 'sp': None, 'db': None}	None	None	None	{'pc': None, 'cdf': None}	None	{'pc': None, 'cdf': None}	{'rt': None, 'pc': None, 'cdf': None, 'rw': None, 'rp': None, 'mt': None, 'lb': None, 'sp': None, 'db': None}	
5677	None	None	None	None	None	None	None	None	None	None	None	None	None	None	None	None	None	None	None	None	None	None	None	None	None	None	None	None	None	{'rt': None, 'pc': None, 'cdf': None, 'rw': None, 'rp': None, 'mt': None, 'lb': None, 'sp': None, 'db': None}	{'rt': None, 'pc': None, 'cdf': None, 'rw': None, 'rp': None, 'mt': None, 'lb': None, 'sp': None, 'db': None}	None	None	None	None	None	None	{'rt': None, 'pc': None, 'cdf': None, 'rw': None, 'rp': None, 'mt': None, 'lb': None, 'sp': None, 'db': None}	None	None	None	{'rt': None, 'pc': None, 'cdf': None, 'rw': None, 'rp': None, 'mt': None, 'lb': None, 'sp': None, 'db': None}	None	None	None	None	None	{'rt': None, 'pc': None, 'cdf': None, 'rw': None, 'rp': None, 'mt': None, 'lb': None, 'sp': None, 'db': None}	{'pc': None, 'cdf': None}	None	{'rt': None, 'pc': None, 'cdf': None, 'rw': None, 'rp': None, 'mt': None, 'lb': None, 'sp': None, 'db': None}	{'pc': None, 'cdf': None}	None	None	{'rt': None, 'pc': None, 'cdf': None, 'rw': None, 'rp': None, 'mt': None, 'lb': None, 'sp': None, 'db': None}	None	None	{'pc': None, 'cdf': None}	None	{'rt': None, 'pc': None, 'cdf': None, 'rw': None, 'rp': None, 'mt': None, 'lb': None, 'sp': None, 'db': None}	{'pc': None, 'cdf': None}	None	None	None	None	{'rt': None, 'pc': None, 'cdf': None, 'rw': None, 'rp': None, 'mt': None, 'lb': None, 'sp': None, 'db': None}	None	{'rt': None, 'pc': None, 'cdf': None, 'rw': None, 'rp': None, 'mt': None, 'lb': None, 'sp': None, 'db': None}	{'rt': None, 'pc': None, 'cdf': None, 'rw': None, 'rp': None, 'mt': None, 'lb': None, 'sp': None, 'db': None}	None	None	None	None	None	{'rt': None, 'pc': None, 'cdf': None, 'rw': None, 'rp': None, 'mt': None, 'lb': None, 'sp': None, 'db': None}	None	None	None	{'pc': None, 'cdf': None}	None	{'pc': None, 'cdf': None}	{'rt': None, 'pc': None, 'cdf': None, 'rw': None, 'rp': None, 'mt': None, 'lb': None, 'sp': None, 'db': None}	
4543	None	None	None	None	None	None	None	None	None	None	None	None	None	None	None	None	None	None	None	None	None	None	None	None	None	None	None	None	None	{'rt': None, 'pc': None, 'cdf': None, 'rw': None, 'rp': None, 'mt': None, 'lb': None, 'sp': None, 'db': None}	{'rt': None, 'pc': None, 'cdf': None, 'rw': None, 'rp': None, 'mt': None, 'lb': None, 'sp': None, 'db': None}	None	None	None	None	None	None	{'rt': None, 'pc': None, 'cdf': None, 'rw': None, 'rp': None, 'mt': None, 'lb': None, 'sp': None, 'db': None}	None	None	None	{'rt': None, 'pc': None, 'cdf': None, 'rw': None, 'rp': None, 'mt': None, 'lb': None, 'sp': None, 'db': None}	None	None	None	None	None	{'rt': None, 'pc': None, 'cdf': None, 'rw': None, 'rp': None, 'mt': None, 'lb': None, 'sp': None, 'db': None}	{'pc': None, 'cdf': None}	None	{'rt': None, 'pc': None, 'cdf': None, 'rw': None, 'rp': None, 'mt': None, 'lb': None, 'sp': None, 'db': None}	{'pc': None, 'cdf': None}	None	None	{'rt': None, 'pc': None, 'cdf': None, 'rw': None, 'rp': None, 'mt': None, 'lb': None, 'sp': None, 'db': None}	None	None	{'pc': None, 'cdf': None}	None	{'rt': None, 'pc': None, 'cdf': None, 'rw': None, 'rp': None, 'mt': None, 'lb': None, 'sp': None, 'db': None}	{'pc': None, 'cdf': None}	None	None	None	None	{'rt': None, 'pc': None, 'cdf': None, 'rw': None, 'rp': None, 'mt': None, 'lb': None, 'sp': None, 'db': None}	None	{'rt': None, 'pc': None, 'cdf': None, 'rw': None, 'rp': None, 'mt': None, 'lb': None, 'sp': None, 'db': None}	{'rt': None, 'pc': None, 'cdf': None, 'rw': None, 'rp': None, 'mt': None, 'lb': None, 'sp': None, 'db': None}	None	None	None	None	None	{'rt': None, 'pc': None, 'cdf': None, 'rw': None, 'rp': None, 'mt': None, 'lb': None, 'sp': None, 'db': None}	None	None	None	{'pc': None, 'cdf': None}	None	{'pc': None, 'cdf': None}	{'rt': None, 'pc': None, 'cdf': None, 'rw': None, 'rp': None, 'mt': None, 'lb': None, 'sp': None, 'db': None}	
5104	None	None	None	None	None	None	None	None	None	None	None	None	None	None	None	None	None	None	None	None	None	None	None	None	None	None	None	None	None	{'rt': None, 'pc': None, 'cdf': None, 'rw': None, 'rp': None, 'mt': None, 'lb': None, 'sp': None, 'db': None}	{'rt': None, 'pc': None, 'cdf': None, 'rw': None, 'rp': None, 'mt': None, 'lb': None, 'sp': None, 'db': None}	None	None	None	None	None	None	{'rt': None, 'pc': None, 'cdf': None, 'rw': None, 'rp': None, 'mt': None, 'lb': None, 'sp': None, 'db': None}	None	None	None	{'rt': None, 'pc': None, 'cdf': None, 'rw': None, 'rp': None, 'mt': None, 'lb': None, 'sp': None, 'db': None}	None	None	None	None	None	{'rt': None, 'pc': None, 'cdf': None, 'rw': None, 'rp': None, 'mt': None, 'lb': None, 'sp': None, 'db': None}	{'pc': None, 'cdf': None}	None	{'rt': None, 'pc': None, 'cdf': None, 'rw': None, 'rp': None, 'mt': None, 'lb': None, 'sp': None, 'db': None}	{'pc': None, 'cdf': None}	None	None	{'rt': None, 'pc': None, 'cdf': None, 'rw': None, 'rp': None, 'mt': None, 'lb': None, 'sp': None, 'db': None}	None	None	{'pc': None, 'cdf': None}	None	{'rt': None, 'pc': None, 'cdf': None, 'rw': None, 'rp': None, 'mt': None, 'lb': None, 'sp': None, 'db': None}	{'pc': None, 'cdf': None}	None	None	None	None	{'rt': None, 'pc': None, 'cdf': None, 'rw': None, 'rp': None, 'mt': None, 'lb': None, 'sp': None, 'db': None}	None	{'rt': None, 'pc': None, 'cdf': None, 'rw': None, 'rp': None, 'mt': None, 'lb': None, 'sp': None, 'db': None}	{'rt': None, 'pc': None, 'cdf': None, 'rw': None, 'rp': None, 'mt': None, 'lb': None, 'sp': None, 'db': None}	None	None	None	None	None	{'rt': None, 'pc': None, 'cdf': None, 'rw': None, 'rp': None, 'mt': None, 'lb': None, 'sp': None, 'db': None}	None	None	None	{'pc': None, 'cdf': None}	None	{'pc': None, 'cdf': None}	{'rt': None, 'pc': None, 'cdf': None, 'rw': None, 'rp': None, 'mt': None, 'lb': None, 'sp': None, 'db': None}	
4711	None	None	None	None	None	None	None	None	None	None	None	None	None	None	None	None	None	None	None	None	None	None	None	None	None	None	None	None	None	{'rt': None, 'pc': None, 'cdf': None, 'rw': None, 'rp': None, 'mt': None, 'lb': None, 'sp': None, 'db': None}	{'rt': None, 'pc': None, 'cdf': None, 'rw': None, 'rp': None, 'mt': None, 'lb': None, 'sp': None, 'db': None}	None	None	None	None	None	None	{'rt': None, 'pc': None, 'cdf': None, 'rw': None, 'rp': None, 'mt': None, 'lb': None, 'sp': None, 'db': None}	None	None	None	{'rt': None, 'pc': None, 'cdf': None, 'rw': None, 'rp': None, 'mt': None, 'lb': None, 'sp': None, 'db': None}	None	None	None	None	None	{'rt': None, 'pc': None, 'cdf': None, 'rw': None, 'rp': None, 'mt': None, 'lb': None, 'sp': None, 'db': None}	{'pc': None, 'cdf': None}	None	{'rt': None, 'pc': None, 'cdf': None, 'rw': None, 'rp': None, 'mt': None, 'lb': None, 'sp': None, 'db': None}	{'pc': None, 'cdf': None}	None	None	{'rt': None, 'pc': None, 'cdf': None, 'rw': None, 'rp': None, 'mt': None, 'lb': None, 'sp': None, 'db': None}	None	None	{'pc': None, 'cdf': None}	None	{'rt': None, 'pc': None, 'cdf': None, 'rw': None, 'rp': None, 'mt': None, 'lb': None, 'sp': None, 'db': None}	{'pc': None, 'cdf': None}	None	None	None	None	{'rt': None, 'pc': None, 'cdf': None, 'rw': None, 'rp': None, 'mt': None, 'lb': None, 'sp': None, 'db': None}	None	{'rt': None, 'pc': None, 'cdf': None, 'rw': None, 'rp': None, 'mt': None, 'lb': None, 'sp': None, 'db': None}	{'rt': None, 'pc': None, 'cdf': None, 'rw': None, 'rp': None, 'mt': None, 'lb': None, 'sp': None, 'db': None}	None	None	None	None	None	{'rt': None, 'pc': None, 'cdf': None, 'rw': None, 'rp': None, 'mt': None, 'lb': None, 'sp': None, 'db': None}	None	None	None	{'pc': None, 'cdf': None}	None	{'pc': None, 'cdf': None}	{'rt': None, 'pc': None, 'cdf': None, 'rw': None, 'rp': None, 'mt': None, 'lb': None, 'sp': None, 'db': None}	
4171	None	None	None	None	None	None	None	None	None	None	None	None	None	None	None	None	None	None	None	None	None	None	None	None	None	None	None	None	None	{'rt': None, 'pc': None, 'cdf': None, 'rw': None, 'rp': None, 'mt': None, 'lb': None, 'sp': None, 'db': None}	{'rt': None, 'pc': None, 'cdf': None, 'rw': None, 'rp': None, 'mt': None, 'lb': None, 'sp': None, 'db': None}	None	None	None	None	None	None	{'rt': None, 'pc': None, 'cdf': None, 'rw': None, 'rp': None, 'mt': None, 'lb': None, 'sp': None, 'db': None}	None	None	None	{'rt': None, 'pc': None, 'cdf': None, 'rw': None, 'rp': None, 'mt': None, 'lb': None, 'sp': None, 'db': None}	None	None	None	None	None	{'rt': None, 'pc': None, 'cdf': None, 'rw': None, 'rp': None, 'mt': None, 'lb': None, 'sp': None, 'db': None}	{'pc': None, 'cdf': None}	None	{'rt': None, 'pc': None, 'cdf': None, 'rw': None, 'rp': None, 'mt': None, 'lb': None, 'sp': None, 'db': None}	{'pc': None, 'cdf': None}	None	None	{'rt': None, 'pc': None, 'cdf': None, 'rw': None, 'rp': None, 'mt': None, 'lb': None, 'sp': None, 'db': None}	None	None	{'pc': None, 'cdf': None}	None	{'rt': None, 'pc': None, 'cdf': None, 'rw': None, 'rp': None, 'mt': None, 'lb': None, 'sp': None, 'db': None}	{'pc': None, 'cdf': None}	None	None	None	None	{'rt': None, 'pc': None, 'cdf': None, 'rw': None, 'rp': None, 'mt': None, 'lb': None, 'sp': None, 'db': None}	None	{'rt': None, 'pc': None, 'cdf': None, 'rw': None, 'rp': None, 'mt': None, 'lb': None, 'sp': None, 'db': None}	{'rt': None, 'pc': None, 'cdf': None, 'rw': None, 'rp': None, 'mt': None, 'lb': None, 'sp': None, 'db': None}	None	None	None	None	None	{'rt': None, 'pc': None, 'cdf': None, 'rw': None, 'rp': None, 'mt': None, 'lb': None, 'sp': None, 'db': None}	None	None	None	{'pc': None, 'cdf': None}	None	{'pc': None, 'cdf': None}	{'rt': None, 'pc': None, 'cdf': None, 'rw': None, 'rp': None, 'mt': None, 'lb': None, 'sp': None, 'db': None}	
3482	None	None	None	None	None	None	None	None	None	None	None	None	None	None	None	None	None	None	None	None	None	None	None	None	None	None	None	None	None	{'rt': None, 'pc': None, 'cdf': None, 'rw': None, 'rp': None, 'mt': None, 'lb': None, 'sp': None, 'db': None}	{'rt': None, 'pc': None, 'cdf': None, 'rw': None, 'rp': None, 'mt': None, 'lb': None, 'sp': None, 'db': None}	None	None	None	None	None	None	{'rt': None, 'pc': None, 'cdf': None, 'rw': None, 'rp': None, 'mt': None, 'lb': None, 'sp': None, 'db': None}	None	None	None	{'rt': None, 'pc': None, 'cdf': None, 'rw': None, 'rp': None, 'mt': None, 'lb': None, 'sp': None, 'db': None}	None	None	None	None	None	{'rt': None, 'pc': None, 'cdf': None, 'rw': None, 'rp': None, 'mt': None, 'lb': None, 'sp': None, 'db': None}	{'pc': None, 'cdf': None}	None	{'rt': None, 'pc': None, 'cdf': None, 'rw': None, 'rp': None, 'mt': None, 'lb': None, 'sp': None, 'db': None}	{'pc': None, 'cdf': None}	None	None	{'rt': None, 'pc': None, 'cdf': None, 'rw': None, 'rp': None, 'mt': None, 'lb': None, 'sp': None, 'db': None}	None	None	{'pc': None, 'cdf': None}	None	{'rt': None, 'pc': None, 'cdf': None, 'rw': None, 'rp': None, 'mt': None, 'lb': None, 'sp': None, 'db': None}	{'pc': None, 'cdf': None}	None	None	None	None	{'rt': None, 'pc': None, 'cdf': None, 'rw': None, 'rp': None, 'mt': None, 'lb': None, 'sp': None, 'db': None}	None	{'rt': None, 'pc': None, 'cdf': None, 'rw': None, 'rp': None, 'mt': None, 'lb': None, 'sp': None, 'db': None}	{'rt': None, 'pc': None, 'cdf': None, 'rw': None, 'rp': None, 'mt': None, 'lb': None, 'sp': None, 'db': None}	None	None	None	None	None	{'rt': None, 'pc': None, 'cdf': None, 'rw': None, 'rp': None, 'mt': None, 'lb': None, 'sp': None, 'db': None}	None	None	None	{'pc': None, 'cdf': None}	None	{'pc': None, 'cdf': None}	{'rt': None, 'pc': None, 'cdf': None, 'rw': None, 'rp': None, 'mt': None, 'lb': None, 'sp': None, 'db': None}	
3501	None	None	None	None	None	None	None	None	None	None	None	None	None	None	None	None	None	None	None	None	None	None	None	None	None	None	None	None	None	{'rt': None, 'pc': None, 'cdf': None, 'rw': None, 'rp': None, 'mt': None, 'lb': None, 'sp': None, 'db': None}	{'rt': None, 'pc': None, 'cdf': None, 'rw': None, 'rp': None, 'mt': None, 'lb': None, 'sp': None, 'db': None}	None	None	None	None	None	None	{'rt': None, 'pc': None, 'cdf': None, 'rw': None, 'rp': None, 'mt': None, 'lb': None, 'sp': None, 'db': None}	None	None	None	{'rt': None, 'pc': None, 'cdf': None, 'rw': None, 'rp': None, 'mt': None, 'lb': None, 'sp': None, 'db': None}	None	None	None	None	None	{'rt': None, 'pc': None, 'cdf': None, 'rw': None, 'rp': None, 'mt': None, 'lb': None, 'sp': None, 'db': None}	{'pc': None, 'cdf': None}	None	{'rt': None, 'pc': None, 'cdf': None, 'rw': None, 'rp': None, 'mt': None, 'lb': None, 'sp': None, 'db': None}	{'pc': None, 'cdf': None}	None	None	{'rt': None, 'pc': None, 'cdf': None, 'rw': None, 'rp': None, 'mt': None, 'lb': None, 'sp': None, 'db': None}	None	None	{'pc': None, 'cdf': None}	None	{'rt': None, 'pc': None, 'cdf': None, 'rw': None, 'rp': None, 'mt': None, 'lb': None, 'sp': None, 'db': None}	{'pc': None, 'cdf': None}	None	None	None	None	{'rt': None, 'pc': None, 'cdf': None, 'rw': None, 'rp': None, 'mt': None, 'lb': None, 'sp': None, 'db': None}	None	{'rt': None, 'pc': None, 'cdf': None, 'rw': None, 'rp': None, 'mt': None, 'lb': None, 'sp': None, 'db': None}	{'rt': None, 'pc': None, 'cdf': None, 'rw': None, 'rp': None, 'mt': None, 'lb': None, 'sp': None, 'db': None}	None	None	None	None	None	{'rt': None, 'pc': None, 'cdf': None, 'rw': None, 'rp': None, 'mt': None, 'lb': None, 'sp': None, 'db': None}	None	None	None	{'pc': None, 'cdf': None}	None	{'pc': None, 'cdf': None}	{'rt': None, 'pc': None, 'cdf': None, 'rw': None, 'rp': None, 'mt': None, 'lb': None, 'sp': None, 'db': None}	
4135	None	None	None	None	None	None	None	None	None	None	None	None	None	None	None	None	None	None	None	None	None	None	None	None	None	None	None	None	None	{'rt': None, 'pc': None, 'cdf': None, 'rw': None, 'rp': None, 'mt': None, 'lb': None, 'sp': None, 'db': None}	{'rt': None, 'pc': None, 'cdf': None, 'rw': None, 'rp': None, 'mt': None, 'lb': None, 'sp': None, 'db': None}	None	None	None	None	None	None	{'rt': None, 'pc': None, 'cdf': None, 'rw': None, 'rp': None, 'mt': None, 'lb': None, 'sp': None, 'db': None}	None	None	None	{'rt': None, 'pc': None, 'cdf': None, 'rw': None, 'rp': None, 'mt': None, 'lb': None, 'sp': None, 'db': None}	None	None	None	None	None	{'rt': None, 'pc': None, 'cdf': None, 'rw': None, 'rp': None, 'mt': None, 'lb': None, 'sp': None, 'db': None}	{'pc': None, 'cdf': None}	None	{'rt': None, 'pc': None, 'cdf': None, 'rw': None, 'rp': None, 'mt': None, 'lb': None, 'sp': None, 'db': None}	{'pc': None, 'cdf': None}	None	None	{'rt': None, 'pc': None, 'cdf': None, 'rw': None, 'rp': None, 'mt': None, 'lb': None, 'sp': None, 'db': None}	None	None	{'pc': None, 'cdf': None}	None	{'rt': None, 'pc': None, 'cdf': None, 'rw': None, 'rp': None, 'mt': None, 'lb': None, 'sp': None, 'db': None}	{'pc': None, 'cdf': None}	None	None	None	None	{'rt': None, 'pc': None, 'cdf': None, 'rw': None, 'rp': None, 'mt': None, 'lb': None, 'sp': None, 'db': None}	None	{'rt': None, 'pc': None, 'cdf': None, 'rw': None, 'rp': None, 'mt': None, 'lb': None, 'sp': None, 'db': None}	{'rt': None, 'pc': None, 'cdf': None, 'rw': None, 'rp': None, 'mt': None, 'lb': None, 'sp': None, 'db': None}	None	None	None	None	None	{'rt': None, 'pc': None, 'cdf': None, 'rw': None, 'rp': None, 'mt': None, 'lb': None, 'sp': None, 'db': None}	None	None	None	{'pc': None, 'cdf': None}	None	{'pc': None, 'cdf': None}	{'rt': None, 'pc': None, 'cdf': None, 'rw': None, 'rp': None, 'mt': None, 'lb': None, 'sp': None, 'db': None}	
3189	None	None	None	None	None	None	None	None	None	None	None	None	None	None	None	None	None	None	None	None	None	None	None	None	None	None	None	None	None	{'rt': None, 'pc': None, 'cdf': None, 'rw': None, 'rp': None, 'mt': None, 'lb': None, 'sp': None, 'db': None}	{'rt': None, 'pc': None, 'cdf': None, 'rw': None, 'rp': None, 'mt': None, 'lb': None, 'sp': None, 'db': None}	None	None	None	None	None	None	{'rt': None, 'pc': None, 'cdf': None, 'rw': None, 'rp': None, 'mt': None, 'lb': None, 'sp': None, 'db': None}	None	None	None	{'rt': None, 'pc': None, 'cdf': None, 'rw': None, 'rp': None, 'mt': None, 'lb': None, 'sp': None, 'db': None}	None	None	None	None	None	{'rt': None, 'pc': None, 'cdf': None, 'rw': None, 'rp': None, 'mt': None, 'lb': None, 'sp': None, 'db': None}	{'pc': None, 'cdf': None}	None	{'rt': None, 'pc': None, 'cdf': None, 'rw': None, 'rp': None, 'mt': None, 'lb': None, 'sp': None, 'db': None}	{'pc': None, 'cdf': None}	None	None	{'rt': None, 'pc': None, 'cdf': None, 'rw': None, 'rp': None, 'mt': None, 'lb': None, 'sp': None, 'db': None}	None	None	{'pc': None, 'cdf': None}	None	{'rt': None, 'pc': None, 'cdf': None, 'rw': None, 'rp': None, 'mt': None, 'lb': None, 'sp': None, 'db': None}	{'pc': None, 'cdf': None}	None	None	None	None	{'rt': None, 'pc': None, 'cdf': None, 'rw': None, 'rp': None, 'mt': None, 'lb': None, 'sp': None, 'db': None}	None	{'rt': None, 'pc': None, 'cdf': None, 'rw': None, 'rp': None, 'mt': None, 'lb': None, 'sp': None, 'db': None}	{'rt': None, 'pc': None, 'cdf': None, 'rw': None, 'rp': None, 'mt': None, 'lb': None, 'sp': None, 'db': None}	None	None	None	None	None	{'rt': None, 'pc': None, 'cdf': None, 'rw': None, 'rp': None, 'mt': None, 'lb': None, 'sp': None, 'db': None}	None	None	None	{'pc': None, 'cdf': None}	None	{'pc': None, 'cdf': None}	{'rt': None, 'pc': None, 'cdf': None, 'rw': None, 'rp': None, 'mt': None, 'lb': None, 'sp': None, 'db': None}	
6059	None	None	None	None	None	None	None	None	None	None	None	None	None	None	None	None	None	None	None	None	None	None	None	None	None	None	None	None	None	{'rt': None, 'pc': None, 'cdf': None, 'rw': None, 'rp': None, 'mt': None, 'lb': None, 'sp': None, 'db': None}	{'rt': None, 'pc': None, 'cdf': None, 'rw': None, 'rp': None, 'mt': None, 'lb': None, 'sp': None, 'db': None}	None	None	None	None	None	None	{'rt': None, 'pc': None, 'cdf': None, 'rw': None, 'rp': None, 'mt': None, 'lb': None, 'sp': None, 'db': None}	None	None	None	{'rt': None, 'pc': None, 'cdf': None, 'rw': None, 'rp': None, 'mt': None, 'lb': None, 'sp': None, 'db': None}	None	None	None	None	None	{'rt': None, 'pc': None, 'cdf': None, 'rw': None, 'rp': None, 'mt': None, 'lb': None, 'sp': None, 'db': None}	{'pc': None, 'cdf': None}	None	{'rt': None, 'pc': None, 'cdf': None, 'rw': None, 'rp': None, 'mt': None, 'lb': None, 'sp': None, 'db': None}	{'pc': None, 'cdf': None}	None	None	{'rt': None, 'pc': None, 'cdf': None, 'rw': None, 'rp': None, 'mt': None, 'lb': None, 'sp': None, 'db': None}	None	None	{'pc': None, 'cdf': None}	None	{'rt': None, 'pc': None, 'cdf': None, 'rw': None, 'rp': None, 'mt': None, 'lb': None, 'sp': None, 'db': None}	{'pc': None, 'cdf': None}	None	None	None	None	{'rt': None, 'pc': None, 'cdf': None, 'rw': None, 'rp': None, 'mt': None, 'lb': None, 'sp': None, 'db': None}	None	{'rt': None, 'pc': None, 'cdf': None, 'rw': None, 'rp': None, 'mt': None, 'lb': None, 'sp': None, 'db': None}	{'rt': None, 'pc': None, 'cdf': None, 'rw': None, 'rp': None, 'mt': None, 'lb': None, 'sp': None, 'db': None}	None	None	None	None	None	{'rt': None, 'pc': None, 'cdf': None, 'rw': None, 'rp': None, 'mt': None, 'lb': None, 'sp': None, 'db': None}	None	None	None	{'pc': None, 'cdf': None}	None	{'pc': None, 'cdf': None}	{'rt': None, 'pc': None, 'cdf': None, 'rw': None, 'rp': None, 'mt': None, 'lb': None, 'sp': None, 'db': None}	
4990	None	None	None	None	None	None	None	None	None	None	None	None	None	None	None	None	None	None	None	None	None	None	None	None	None	None	None	None	None	{'rt': None, 'pc': None, 'cdf': None, 'rw': None, 'rp': None, 'mt': None, 'lb': None, 'sp': None, 'db': None}	{'rt': None, 'pc': None, 'cdf': None, 'rw': None, 'rp': None, 'mt': None, 'lb': None, 'sp': None, 'db': None}	None	None	None	None	None	None	{'rt': None, 'pc': None, 'cdf': None, 'rw': None, 'rp': None, 'mt': None, 'lb': None, 'sp': None, 'db': None}	None	None	None	{'rt': None, 'pc': None, 'cdf': None, 'rw': None, 'rp': None, 'mt': None, 'lb': None, 'sp': None, 'db': None}	None	None	None	None	None	{'rt': None, 'pc': None, 'cdf': None, 'rw': None, 'rp': None, 'mt': None, 'lb': None, 'sp': None, 'db': None}	{'pc': None, 'cdf': None}	None	{'rt': None, 'pc': None, 'cdf': None, 'rw': None, 'rp': None, 'mt': None, 'lb': None, 'sp': None, 'db': None}	{'pc': None, 'cdf': None}	None	None	{'rt': None, 'pc': None, 'cdf': None, 'rw': None, 'rp': None, 'mt': None, 'lb': None, 'sp': None, 'db': None}	None	None	{'pc': None, 'cdf': None}	None	{'rt': None, 'pc': None, 'cdf': None, 'rw': None, 'rp': None, 'mt': None, 'lb': None, 'sp': None, 'db': None}	{'pc': None, 'cdf': None}	None	None	None	None	{'rt': None, 'pc': None, 'cdf': None, 'rw': None, 'rp': None, 'mt': None, 'lb': None, 'sp': None, 'db': None}	None	{'rt': None, 'pc': None, 'cdf': None, 'rw': None, 'rp': None, 'mt': None, 'lb': None, 'sp': None, 'db': None}	{'rt': None, 'pc': None, 'cdf': None, 'rw': None, 'rp': None, 'mt': None, 'lb': None, 'sp': None, 'db': None}	None	None	None	None	None	{'rt': None, 'pc': None, 'cdf': None, 'rw': None, 'rp': None, 'mt': None, 'lb': None, 'sp': None, 'db': None}	None	None	None	{'pc': None, 'cdf': None}	None	{'pc': None, 'cdf': None}	{'rt': None, 'pc': None, 'cdf': None, 'rw': None, 'rp': None, 'mt': None, 'lb': None, 'sp': None, 'db': None}	
649	None	None	None	None	None	None	None	None	None	None	None	None	None	None	None	None	None	None	None	None	None	None	None	None	None	None	None	None	None	{'rt': None, 'pc': None, 'cdf': None, 'rw': None, 'rp': None, 'mt': None, 'lb': None, 'sp': None, 'db': None}	{'rt': None, 'pc': None, 'cdf': None, 'rw': None, 'rp': None, 'mt': None, 'lb': None, 'sp': None, 'db': None}	None	None	None	None	None	None	{'rt': None, 'pc': None, 'cdf': None, 'rw': None, 'rp': None, 'mt': None, 'lb': None, 'sp': None, 'db': None}	None	None	None	{'rt': None, 'pc': None, 'cdf': None, 'rw': None, 'rp': None, 'mt': None, 'lb': None, 'sp': None, 'db': None}	None	None	None	None	None	{'rt': None, 'pc': None, 'cdf': None, 'rw': None, 'rp': None, 'mt': None, 'lb': None, 'sp': None, 'db': None}	{'pc': None, 'cdf': None}	None	{'rt': None, 'pc': None, 'cdf': None, 'rw': None, 'rp': None, 'mt': None, 'lb': None, 'sp': None, 'db': None}	{'pc': None, 'cdf': None}	None	None	{'rt': None, 'pc': None, 'cdf': None, 'rw': None, 'rp': None, 'mt': None, 'lb': None, 'sp': None, 'db': None}	None	None	{'pc': None, 'cdf': None}	None	{'rt': None, 'pc': None, 'cdf': None, 'rw': None, 'rp': None, 'mt': None, 'lb': None, 'sp': None, 'db': None}	{'pc': None, 'cdf': None}	None	None	None	None	{'rt': None, 'pc': None, 'cdf': None, 'rw': None, 'rp': None, 'mt': None, 'lb': None, 'sp': None, 'db': None}	None	{'rt': None, 'pc': None, 'cdf': None, 'rw': None, 'rp': None, 'mt': None, 'lb': None, 'sp': None, 'db': None}	{'rt': None, 'pc': None, 'cdf': None, 'rw': None, 'rp': None, 'mt': None, 'lb': None, 'sp': None, 'db': None}	None	None	None	None	None	{'rt': None, 'pc': None, 'cdf': None, 'rw': None, 'rp': None, 'mt': None, 'lb': None, 'sp': None, 'db': None}	None	None	None	{'pc': None, 'cdf': None}	None	{'pc': None, 'cdf': None}	{'rt': None, 'pc': None, 'cdf': None, 'rw': None, 'rp': None, 'mt': None, 'lb': None, 'sp': None, 'db': None}	
5817	None	None	None	None	None	None	None	None	None	None	None	None	None	None	None	None	None	None	None	None	None	None	None	None	None	None	None	None	None	{'rt': None, 'pc': None, 'cdf': None, 'rw': None, 'rp': None, 'mt': None, 'lb': None, 'sp': None, 'db': None}	{'rt': None, 'pc': None, 'cdf': None, 'rw': None, 'rp': None, 'mt': None, 'lb': None, 'sp': None, 'db': None}	None	None	None	None	None	None	{'rt': None, 'pc': None, 'cdf': None, 'rw': None, 'rp': None, 'mt': None, 'lb': None, 'sp': None, 'db': None}	None	None	None	{'rt': None, 'pc': None, 'cdf': None, 'rw': None, 'rp': None, 'mt': None, 'lb': None, 'sp': None, 'db': None}	None	None	None	None	None	{'rt': None, 'pc': None, 'cdf': None, 'rw': None, 'rp': None, 'mt': None, 'lb': None, 'sp': None, 'db': None}	{'pc': None, 'cdf': None}	None	{'rt': None, 'pc': None, 'cdf': None, 'rw': None, 'rp': None, 'mt': None, 'lb': None, 'sp': None, 'db': None}	{'pc': None, 'cdf': None}	None	None	{'rt': None, 'pc': None, 'cdf': None, 'rw': None, 'rp': None, 'mt': None, 'lb': None, 'sp': None, 'db': None}	None	None	{'pc': None, 'cdf': None}	None	{'rt': None, 'pc': None, 'cdf': None, 'rw': None, 'rp': None, 'mt': None, 'lb': None, 'sp': None, 'db': None}	{'pc': None, 'cdf': None}	None	None	None	None	{'rt': None, 'pc': None, 'cdf': None, 'rw': None, 'rp': None, 'mt': None, 'lb': None, 'sp': None, 'db': None}	None	{'rt': None, 'pc': None, 'cdf': None, 'rw': None, 'rp': None, 'mt': None, 'lb': None, 'sp': None, 'db': None}	{'rt': None, 'pc': None, 'cdf': None, 'rw': None, 'rp': None, 'mt': None, 'lb': None, 'sp': None, 'db': None}	None	None	None	None	None	{'rt': None, 'pc': None, 'cdf': None, 'rw': None, 'rp': None, 'mt': None, 'lb': None, 'sp': None, 'db': None}	None	None	None	{'pc': None, 'cdf': None}	None	{'pc': None, 'cdf': None}	{'rt': None, 'pc': None, 'cdf': None, 'rw': None, 'rp': None, 'mt': None, 'lb': None, 'sp': None, 'db': None}	
1458	None	None	None	None	None	None	None	None	None	None	None	None	None	None	None	None	None	None	None	None	None	None	None	None	None	None	None	None	None	{'rt': None, 'pc': None, 'cdf': None, 'rw': None, 'rp': None, 'mt': None, 'lb': None, 'sp': None, 'db': None}	{'rt': None, 'pc': None, 'cdf': None, 'rw': None, 'rp': None, 'mt': None, 'lb': None, 'sp': None, 'db': None}	None	None	None	None	None	None	{'rt': None, 'pc': None, 'cdf': None, 'rw': None, 'rp': None, 'mt': None, 'lb': None, 'sp': None, 'db': None}	None	None	None	{'rt': None, 'pc': None, 'cdf': None, 'rw': None, 'rp': None, 'mt': None, 'lb': None, 'sp': None, 'db': None}	None	None	None	None	None	{'rt': None, 'pc': None, 'cdf': None, 'rw': None, 'rp': None, 'mt': None, 'lb': None, 'sp': None, 'db': None}	{'pc': None, 'cdf': None}	None	{'rt': None, 'pc': None, 'cdf': None, 'rw': None, 'rp': None, 'mt': None, 'lb': None, 'sp': None, 'db': None}	{'pc': None, 'cdf': None}	None	None	{'rt': None, 'pc': None, 'cdf': None, 'rw': None, 'rp': None, 'mt': None, 'lb': None, 'sp': None, 'db': None}	None	None	{'pc': None, 'cdf': None}	None	{'rt': None, 'pc': None, 'cdf': None, 'rw': None, 'rp': None, 'mt': None, 'lb': None, 'sp': None, 'db': None}	{'pc': None, 'cdf': None}	None	None	None	None	{'rt': None, 'pc': None, 'cdf': None, 'rw': None, 'rp': None, 'mt': None, 'lb': None, 'sp': None, 'db': None}	None	{'rt': None, 'pc': None, 'cdf': None, 'rw': None, 'rp': None, 'mt': None, 'lb': None, 'sp': None, 'db': None}	{'rt': None, 'pc': None, 'cdf': None, 'rw': None, 'rp': None, 'mt': None, 'lb': None, 'sp': None, 'db': None}	None	None	None	None	None	{'rt': None, 'pc': None, 'cdf': None, 'rw': None, 'rp': None, 'mt': None, 'lb': None, 'sp': None, 'db': None}	None	None	None	{'pc': None, 'cdf': None}	None	{'pc': None, 'cdf': None}	{'rt': None, 'pc': None, 'cdf': None, 'rw': None, 'rp': None, 'mt': None, 'lb': None, 'sp': None, 'db': None}	
1662	None	None	None	None	None	None	None	None	None	None	None	None	None	None	None	None	None	None	None	None	None	None	None	None	None	None	None	None	None	{'rt': None, 'pc': None, 'cdf': None, 'rw': None, 'rp': None, 'mt': None, 'lb': None, 'sp': None, 'db': None}	{'rt': None, 'pc': None, 'cdf': None, 'rw': None, 'rp': None, 'mt': None, 'lb': None, 'sp': None, 'db': None}	None	None	None	None	None	None	{'rt': None, 'pc': None, 'cdf': None, 'rw': None, 'rp': None, 'mt': None, 'lb': None, 'sp': None, 'db': None}	None	None	None	{'rt': None, 'pc': None, 'cdf': None, 'rw': None, 'rp': None, 'mt': None, 'lb': None, 'sp': None, 'db': None}	None	None	None	None	None	{'rt': None, 'pc': None, 'cdf': None, 'rw': None, 'rp': None, 'mt': None, 'lb': None, 'sp': None, 'db': None}	{'pc': None, 'cdf': None}	None	{'rt': None, 'pc': None, 'cdf': None, 'rw': None, 'rp': None, 'mt': None, 'lb': None, 'sp': None, 'db': None}	{'pc': None, 'cdf': None}	None	None	{'rt': None, 'pc': None, 'cdf': None, 'rw': None, 'rp': None, 'mt': None, 'lb': None, 'sp': None, 'db': None}	None	None	{'pc': None, 'cdf': None}	None	{'rt': None, 'pc': None, 'cdf': None, 'rw': None, 'rp': None, 'mt': None, 'lb': None, 'sp': None, 'db': None}	{'pc': None, 'cdf': None}	None	None	None	None	{'rt': None, 'pc': None, 'cdf': None, 'rw': None, 'rp': None, 'mt': None, 'lb': None, 'sp': None, 'db': None}	None	{'rt': None, 'pc': None, 'cdf': None, 'rw': None, 'rp': None, 'mt': None, 'lb': None, 'sp': None, 'db': None}	{'rt': None, 'pc': None, 'cdf': None, 'rw': None, 'rp': None, 'mt': None, 'lb': None, 'sp': None, 'db': None}	None	None	None	None	None	{'rt': None, 'pc': None, 'cdf': None, 'rw': None, 'rp': None, 'mt': None, 'lb': None, 'sp': None, 'db': None}	None	None	None	{'pc': None, 'cdf': None}	None	{'pc': None, 'cdf': None}	{'rt': None, 'pc': None, 'cdf': None, 'rw': None, 'rp': None, 'mt': None, 'lb': None, 'sp': None, 'db': None}	
4973	None	None	None	None	None	None	None	None	None	None	None	None	None	None	None	None	None	None	None	None	None	None	None	None	None	None	None	None	None	{'rt': None, 'pc': None, 'cdf': None, 'rw': None, 'rp': None, 'mt': None, 'lb': None, 'sp': None, 'db': None}	{'rt': None, 'pc': None, 'cdf': None, 'rw': None, 'rp': None, 'mt': None, 'lb': None, 'sp': None, 'db': None}	None	None	None	None	None	None	{'rt': None, 'pc': None, 'cdf': None, 'rw': None, 'rp': None, 'mt': None, 'lb': None, 'sp': None, 'db': None}	None	None	None	{'rt': None, 'pc': None, 'cdf': None, 'rw': None, 'rp': None, 'mt': None, 'lb': None, 'sp': None, 'db': None}	None	None	None	None	None	{'rt': None, 'pc': None, 'cdf': None, 'rw': None, 'rp': None, 'mt': None, 'lb': None, 'sp': None, 'db': None}	{'pc': None, 'cdf': None}	None	{'rt': None, 'pc': None, 'cdf': None, 'rw': None, 'rp': None, 'mt': None, 'lb': None, 'sp': None, 'db': None}	{'pc': None, 'cdf': None}	None	None	{'rt': None, 'pc': None, 'cdf': None, 'rw': None, 'rp': None, 'mt': None, 'lb': None, 'sp': None, 'db': None}	None	None	{'pc': None, 'cdf': None}	None	{'rt': None, 'pc': None, 'cdf': None, 'rw': None, 'rp': None, 'mt': None, 'lb': None, 'sp': None, 'db': None}	{'pc': None, 'cdf': None}	None	None	None	None	{'rt': None, 'pc': None, 'cdf': None, 'rw': None, 'rp': None, 'mt': None, 'lb': None, 'sp': None, 'db': None}	None	{'rt': None, 'pc': None, 'cdf': None, 'rw': None, 'rp': None, 'mt': None, 'lb': None, 'sp': None, 'db': None}	{'rt': None, 'pc': None, 'cdf': None, 'rw': None, 'rp': None, 'mt': None, 'lb': None, 'sp': None, 'db': None}	None	None	None	None	None	{'rt': None, 'pc': None, 'cdf': None, 'rw': None, 'rp': None, 'mt': None, 'lb': None, 'sp': None, 'db': None}	None	None	None	{'pc': None, 'cdf': None}	None	{'pc': None, 'cdf': None}	{'rt': None, 'pc': None, 'cdf': None, 'rw': None, 'rp': None, 'mt': None, 'lb': None, 'sp': None, 'db': None}	
